Date,Open,High,Low,Close,Volume,Change Pct
2014-06-16,1840.25,1840.25,1840.25,1840.25,19294,0.34
2014-06-17,1852.0,1852.0,1852.0,1852.0,45548,0.64
2014-06-18,1874.5,1874.5,1874.5,1874.5,26124,1.21
2014-06-19,1890.5,1890.5,1890.5,1890.5,26663,0.85
2014-06-20,1888.5,1888.5,1888.5,1888.5,18514,-0.11
2014-06-23,1892.5,1892.5,1892.5,1892.5,22219,0.21
2014-06-24,1901.0,1901.0,1901.0,1901.0,37674,0.45
2014-06-25,1903.5,1903.5,1903.5,1903.5,31266,0.13
2014-06-26,1898.0,1898.0,1898.0,1898.0,20202,-0.29
2014-06-27,1885.0,1885.0,1885.0,1885.0,20933,-0.68
2014-06-30,1890.75,1890.75,1890.75,1890.75,21541,0.31
2014-07-01,1884.5,1884.5,1884.5,1884.5,39694,-0.33
2014-07-02,1926.0,1926.0,1926.0,1926.0,45556,2.2
2014-07-03,1936.0,1936.0,1936.0,1936.0,30871,0.52
2014-07-04,1921.5,1921.5,1921.5,1921.5,12314,-0.75
2014-07-07,1919.5,1919.5,1919.5,1919.5,24446,-0.1
2014-07-08,1938.0,1938.0,1938.0,1938.0,51280,0.96
2014-07-09,1937.75,1937.75,1937.75,1937.75,27039,-0.01
2014-07-10,1922.25,1922.25,1922.25,1922.25,36711,-0.8
2014-07-11,1939.0,1939.0,1939.0,1939.0,32129,0.87
2014-07-14,1938.5,1938.5,1938.5,1938.5,40899,-0.03
2014-07-15,1960.0,1960.0,1960.0,1960.0,42595,1.11
2014-07-16,1970.5,1970.5,1970.5,1970.5,25151,0.54
2014-07-17,1990.0,1990.0,1990.0,1990.0,9674,0.99
2014-07-18,1982.75,1982.75,1982.75,1982.75,14561,-0.36
2014-07-21,2021.0,2021.0,2021.0,2021.0,7581,1.93
2014-07-22,2044.5,2044.5,2044.5,2044.5,8859,1.16
2014-07-23,2017.25,2017.25,2017.25,2017.25,11748,-1.33
2014-07-24,2027.0,2027.0,2027.0,2027.0,12661,0.48
2014-07-25,1998.0,1998.0,1998.0,1998.0,9072,-1.43
2014-07-28,2015.0,2015.0,2015.0,2015.0,9865,0.85
2014-07-29,1981.25,1981.25,1981.25,1981.25,9277,-1.67
2014-07-30,2021.0,2021.0,2021.0,2021.0,11086,2.01
2014-07-31,1988.5,1988.5,1988.5,1988.5,23414,-1.61
2014-08-01,1973.5,1973.5,1973.5,1973.5,17334,-0.75
2014-08-04,2025.0,2025.0,2025.0,2025.0,38842,2.61
2014-08-05,2008.0,2008.0,2008.0,2008.0,61814,-0.84
2014-08-06,2020.0,2020.0,2020.0,2020.0,18320,0.6
2014-08-07,2022.5,2022.5,2022.5,2022.5,56780,0.12
2014-08-08,2020.25,2020.25,2020.25,2020.25,23683,-0.11
2014-08-11,2026.75,2026.75,2026.75,2026.75,26452,0.32
2014-08-12,2044.25,2044.25,2044.25,2044.25,34157,0.86
2014-08-13,2017.5,2017.5,2017.5,2017.5,22988,-1.31
2014-08-14,1988.75,1988.75,1988.75,1988.75,14358,-1.43
2014-08-15,1992.0,1992.0,1992.0,1992.0,14632,0.16
2014-08-18,2009.75,2009.75,2009.75,2009.75,18501,0.89
2014-08-19,2039.0,2039.0,2039.0,2039.0,51346,1.46
2014-08-20,2077.0,2077.0,2077.0,2077.0,19473,1.86
2014-08-21,2060.25,2060.25,2060.25,2060.25,11535,-0.81
2014-08-22,2064.75,2064.75,2064.75,2064.75,14758,0.22
2014-08-26,2083.5,2083.5,2083.5,2083.5,13007,0.91
2014-08-27,2087.25,2087.25,2087.25,2087.25,23513,0.18
2014-08-28,2083.5,2083.5,2083.5,2083.5,17686,-0.18
2014-08-29,2098.5,2098.5,2098.5,2098.5,26513,0.72
2014-09-01,2096.0,2096.0,2096.0,2096.0,16090,-0.12
2014-09-02,2107.25,2107.25,2107.25,2107.25,22169,0.54
2014-09-03,2078.5,2078.5,2078.5,2078.5,27760,-1.36
2014-09-04,2104.5,2104.5,2104.5,2104.5,24299,1.25
2014-09-05,2090.25,2090.25,2090.25,2090.25,45926,-0.68
2014-09-08,2092.75,2092.75,2092.75,2092.75,28173,0.12
2014-09-09,2063.5,2063.5,2063.5,2063.5,29028,-1.4
2014-09-10,2053.0,2053.0,2053.0,2053.0,26570,-0.51
2014-09-11,2034.0,2034.0,2034.0,2034.0,89077,-0.93
2014-09-12,2022.5,2022.5,2022.5,2022.5,46028,-0.57
2014-09-15,1982.75,1982.75,1982.75,1982.75,31563,-1.97
2014-09-16,2025.5,2025.5,2025.5,2025.5,50909,2.16
2014-09-17,1999.0,1999.0,1999.0,1999.0,68134,-1.31
2014-09-18,1982.5,1982.5,1982.5,1982.5,28552,-0.83
2014-09-19,1977.0,1977.0,1977.0,1977.0,23400,-0.28
2014-09-22,1976.75,1976.75,1976.75,1976.75,23727,-0.01
2014-09-23,1966.5,1966.5,1966.5,1966.5,19363,-0.52
2014-09-24,1974.5,1974.5,1974.5,1974.5,18452,0.41
2014-09-25,1950.25,1950.25,1950.25,1950.25,18256,-1.23
2014-09-26,1946.0,1946.0,1946.0,1946.0,19669,-0.22
2014-09-29,1961.25,1961.25,1961.25,1961.25,16230,0.78
2014-09-30,1958.25,1958.25,1958.25,1958.25,29192,-0.15
2014-10-01,1918.25,1918.25,1918.25,1918.25,44491,-2.04
2014-10-02,1887.25,1887.25,1887.25,1887.25,41872,-1.62
2014-10-03,1912.0,1912.0,1912.0,1912.0,43349,1.31
2014-10-06,1927.5,1927.5,1927.5,1927.5,33681,0.81
2014-10-07,1953.0,1953.0,1953.0,1953.0,60137,1.32
2014-10-08,1937.75,1937.75,1937.75,1937.75,48022,-0.78
2014-10-09,1949.0,1949.0,1949.0,1949.0,36258,0.58
2014-10-10,1929.5,1929.5,1929.5,1929.5,40253,-1.0
2014-10-13,1943.5,1943.5,1943.5,1943.5,39125,0.73
2014-10-14,1951.0,1951.0,1951.0,1951.0,18811,0.39
2014-10-15,1919.5,1919.5,1919.5,1919.5,20949,-1.61
2014-10-16,1912.5,1912.5,1912.5,1912.5,14379,-0.36
2014-10-17,1971.0,1971.0,1971.0,1971.0,32987,3.06
2014-10-20,1971.5,1971.5,1971.5,1971.5,17874,0.03
2014-10-21,1991.0,1991.0,1991.0,1991.0,71724,0.99
2014-10-22,2016.0,2016.0,2016.0,2016.0,34007,1.26
2014-10-23,1991.0,1991.0,1991.0,1991.0,15511,-1.24
2014-10-24,1969.0,1969.0,1969.0,1969.0,19961,-1.1
2014-10-27,1984.5,1984.5,1984.5,1984.5,15237,0.79
2014-10-28,1998.5,1998.5,1998.5,1998.5,11554,0.71
2014-10-29,2035.0,2035.0,2035.0,2035.0,19182,1.83
2014-10-30,2035.0,2035.0,2035.0,2035.0,27750,0.0
2014-10-31,2047.0,2047.0,2047.0,2047.0,37722,0.59
2014-11-03,2077.0,2077.0,2077.0,2077.0,43509,1.47
2014-11-04,2065.5,2065.5,2065.5,2065.5,60023,-0.55
2014-11-05,2063.0,2063.0,2063.0,2063.0,23994,-0.12
2014-11-06,2079.75,2079.75,2079.75,2079.75,18507,0.81
2014-11-07,2059.0,2059.0,2059.0,2059.0,46433,-1.0
2014-11-10,2038.5,2038.5,2038.5,2038.5,24098,-1.0
2014-11-11,2050.5,2050.5,2050.5,2050.5,29872,0.59
2014-11-12,2067.0,2067.0,2067.0,2067.0,40759,0.8
2014-11-13,2046.0,2046.0,2046.0,2046.0,29087,-1.02
2014-11-14,2026.5,2026.5,2026.5,2026.5,29117,-0.95
2014-11-17,2033.0,2033.0,2033.0,2033.0,19955,0.32
2014-11-18,2011.0,2011.0,2011.0,2011.0,44146,-1.08
2014-11-19,2020.0,2020.0,2020.0,2020.0,11680,0.45
2014-11-20,2033.5,2033.5,2033.5,2033.5,8797,0.67
2014-11-21,2055.5,2055.5,2055.5,2055.5,13153,1.08
2014-11-24,2046.75,2046.75,2046.75,2046.75,20341,-0.43
2014-11-25,2050.75,2050.75,2050.75,2050.75,15617,0.2
2014-11-26,2062.5,2062.5,2062.5,2062.5,14787,0.57
2014-11-27,2045.0,2045.0,2045.0,2045.0,9688,-0.85
2014-11-28,2005.0,2005.0,2005.0,2005.0,36513,-1.96
2014-12-01,2025.5,2025.5,2025.5,2025.5,28875,1.02
2014-12-02,1976.5,1976.5,1976.5,1976.5,33058,-2.42
2014-12-03,1970.0,1970.0,1970.0,1970.0,30078,-0.33
2014-12-04,1992.25,1992.25,1992.25,1992.25,26572,1.13
2014-12-05,1979.5,1979.5,1979.5,1979.5,42066,-0.64
2014-12-08,1962.0,1962.0,1962.0,1962.0,43031,-0.88
2014-12-09,1967.5,1967.5,1967.5,1967.5,32421,0.28
2014-12-10,1954.25,1954.25,1954.25,1954.25,38720,-0.67
2014-12-11,1941.25,1941.25,1941.25,1941.25,33635,-0.67
2014-12-12,1929.0,1929.0,1929.0,1929.0,17629,-0.63
2014-12-15,1914.75,1914.75,1914.75,1914.75,23523,-0.74
2014-12-16,1906.5,1906.5,1906.5,1906.5,42823,-0.43
2014-12-17,1920.75,1920.75,1920.75,1920.75,36134,0.75
2014-12-18,1911.0,1911.0,1911.0,1911.0,60287,-0.51
2014-12-19,1907.0,1907.0,1907.0,1907.0,25952,-0.21
2014-12-22,1879.0,1879.0,1879.0,1879.0,19632,-1.47
2014-12-23,1867.5,1867.5,1867.5,1867.5,24526,-0.61
2014-12-24,1858.5,1858.5,1858.5,1858.5,8797,-0.48
2014-12-29,1857.0,1857.0,1857.0,1857.0,24548,-0.08
2014-12-30,1854.75,1854.75,1854.75,1854.75,27730,-0.12
2014-12-31,1848.75,1848.75,1848.75,1848.75,23181,-0.32
2015-01-02,1828.0,1828.0,1828.0,1828.0,31382,-1.12
2015-01-05,1812.25,1812.25,1812.25,1812.25,43253,-0.86
2015-01-06,1780.25,1780.25,1780.25,1780.25,56009,-1.77
2015-01-07,1783.5,1783.5,1783.5,1783.5,61450,0.18
2015-01-08,1825.5,1825.5,1825.5,1825.5,75029,2.35
2015-01-09,1804.25,1804.25,1804.25,1804.25,47140,-1.16
2015-01-12,1804.75,1804.75,1804.75,1804.75,42858,0.03
2015-01-13,1787.25,1787.25,1787.25,1787.25,48020,-0.97
2015-01-14,1771.5,1771.5,1771.5,1771.5,99906,-0.88
2015-01-15,1787.0,1787.0,1787.0,1787.0,51786,0.87
2015-01-16,1843.0,1843.0,1843.0,1843.0,59021,3.13
2015-01-19,1816.5,1816.5,1816.5,1816.5,27789,-1.44
2015-01-20,1844.25,1844.25,1844.25,1844.25,11258,1.53
2015-01-21,1868.0,1868.0,1868.0,1868.0,18158,1.29
2015-01-22,1865.75,1865.75,1865.75,1865.75,17859,-0.12
2015-01-23,1830.0,1830.0,1830.0,1830.0,28493,-1.92
2015-01-26,1878.5,1878.5,1878.5,1878.5,25419,2.65
2015-01-27,1853.5,1853.5,1853.5,1853.5,41131,-1.33
2015-01-28,1847.75,1847.75,1847.75,1847.75,11756,-0.31
2015-01-29,1816.5,1816.5,1816.5,1816.5,11016,-1.69
2015-01-30,1862.0,1862.0,1862.0,1862.0,15150,2.5
2015-02-02,1869.25,1869.25,1869.25,1869.25,18849,0.39
2015-02-03,1886.75,1886.75,1886.75,1886.75,11532,0.94
2015-02-04,1874.0,1874.0,1874.0,1874.0,13083,-0.68
2015-02-05,1881.5,1881.5,1881.5,1881.5,19871,0.4
2015-02-06,1867.5,1867.5,1867.5,1867.5,33177,-0.74
2015-02-09,1872.25,1872.25,1872.25,1872.25,27462,0.25
2015-02-10,1832.75,1832.75,1832.75,1832.75,34618,-2.11
2015-02-11,1818.75,1818.75,1818.75,1818.75,59489,-0.76
2015-02-12,1838.75,1838.75,1838.75,1838.75,37931,1.1
2015-02-13,1834.25,1834.25,1834.25,1834.25,29193,-0.24
2015-02-16,1822.25,1822.25,1822.25,1822.25,21300,-0.65
2015-02-17,1817.5,1817.5,1817.5,1817.5,26952,-0.26
2015-02-18,1818.75,1818.75,1818.75,1818.75,11844,0.07
2015-02-19,1817.5,1817.5,1817.5,1817.5,12469,-0.07
2015-02-20,1793.0,1793.0,1793.0,1793.0,39035,-1.35
2015-02-23,1790.75,1790.75,1790.75,1790.75,20613,-0.13
2015-02-24,1809.0,1809.0,1809.0,1809.0,17325,1.02
2015-02-25,1793.0,1793.0,1793.0,1793.0,17738,-0.88
2015-02-26,1804.5,1804.5,1804.5,1804.5,11272,0.64
2015-02-27,1814.0,1814.0,1814.0,1814.0,18515,0.53
2015-03-02,1799.5,1799.5,1799.5,1799.5,24118,-0.8
2015-03-03,1790.75,1790.75,1790.75,1790.75,21912,-0.49
2015-03-04,1797.25,1797.25,1797.25,1797.25,33026,0.36
2015-03-05,1798.75,1798.75,1798.75,1798.75,21669,0.08
2015-03-06,1778.25,1778.25,1778.25,1778.25,38290,-1.14
2015-03-09,1775.0,1775.0,1775.0,1775.0,32610,-0.18
2015-03-10,1756.75,1756.75,1756.75,1756.75,34717,-1.03
2015-03-11,1740.0,1740.0,1740.0,1740.0,29396,-0.95
2015-03-12,1742.5,1742.5,1742.5,1742.5,82983,0.14
2015-03-13,1766.75,1766.75,1766.75,1766.75,30651,1.39
2015-03-16,1765.5,1765.5,1765.5,1765.5,21779,-0.07
2015-03-17,1786.0,1786.0,1786.0,1786.0,67171,1.16
2015-03-18,1764.0,1764.0,1764.0,1764.0,21839,-1.23
2015-03-19,1780.25,1780.25,1780.25,1780.25,24756,0.92
2015-03-20,1796.5,1796.5,1796.5,1796.5,15282,0.91
2015-03-23,1797.75,1797.75,1797.75,1797.75,22405,0.07
2015-03-24,1790.75,1790.75,1790.75,1790.75,16998,-0.39
2015-03-25,1774.5,1774.5,1774.5,1774.5,20672,-0.91
2015-03-26,1788.5,1788.5,1788.5,1788.5,17369,0.79
2015-03-27,1781.25,1781.25,1781.25,1781.25,22967,-0.41
2015-03-30,1796.5,1796.5,1796.5,1796.5,21362,0.86
2015-03-31,1784.0,1784.0,1784.0,1784.0,40634,-0.7
2015-04-01,1776.5,1776.5,1776.5,1776.5,25830,-0.42
2015-04-02,1780.5,1780.5,1780.5,1780.5,30824,0.23
2015-04-07,1780.75,1780.75,1780.75,1780.75,18020,0.01
2015-04-08,1766.25,1766.25,1766.25,1766.25,40619,-0.81
2015-04-09,1757.0,1757.0,1757.0,1757.0,97510,-0.52
2015-04-10,1759.25,1759.25,1759.25,1759.25,76066,0.13
2015-04-13,1759.25,1759.25,1759.25,1759.25,41726,0.0
2015-04-14,1789.0,1789.0,1789.0,1789.0,45934,1.69
2015-04-15,1812.0,1812.0,1812.0,1812.0,77517,1.29
2015-04-16,1821.5,1821.5,1821.5,1821.5,30044,0.52
2015-04-17,1817.0,1817.0,1817.0,1817.0,22000,-0.25
2015-04-20,1812.25,1812.25,1812.25,1812.25,14262,-0.26
2015-04-21,1817.75,1817.75,1817.75,1817.75,20748,0.3
2015-04-22,1807.25,1807.25,1807.25,1807.25,14339,-0.58
2015-04-23,1777.75,1777.75,1777.75,1777.75,17195,-1.63
2015-04-24,1823.5,1823.5,1823.5,1823.5,23612,2.57
2015-04-27,1838.25,1838.25,1838.25,1838.25,16736,0.81
2015-04-28,1876.25,1876.25,1876.25,1876.25,25030,2.07
2015-04-29,1885.25,1885.25,1885.25,1885.25,23378,0.48
2015-04-30,1929.0,1929.0,1929.0,1929.0,36514,2.32
2015-05-01,1913.0,1913.0,1913.0,1913.0,30248,-0.83
2015-05-05,1978.0,1978.0,1978.0,1978.0,41472,3.4
2015-05-06,1919.5,1919.5,1919.5,1919.5,29274,-2.96
2015-05-07,1879.5,1879.5,1879.5,1879.5,32785,-2.08
2015-05-08,1885.0,1885.0,1885.0,1885.0,35551,0.29
2015-05-11,1874.25,1874.25,1874.25,1874.25,23359,-0.57
2015-05-12,1890.0,1890.0,1890.0,1890.0,38052,0.84
2015-05-13,1876.0,1876.0,1876.0,1876.0,30572,-0.74
2015-05-14,1861.0,1861.0,1861.0,1861.0,25313,-0.8
2015-05-15,1845.0,1845.0,1845.0,1845.0,24409,-0.86
2015-05-18,1811.0,1811.0,1811.0,1811.0,26608,-1.84
2015-05-19,1789.0,1789.0,1789.0,1789.0,65111,-1.21
2015-05-20,1783.5,1783.5,1783.5,1783.5,17803,-0.31
2015-05-21,1772.5,1772.5,1772.5,1772.5,28025,-0.62
2015-05-22,1767.5,1767.5,1767.5,1767.5,18034,-0.28
2015-05-26,1750.25,1750.25,1750.25,1750.25,16508,-0.98
2015-05-27,1735.75,1735.75,1735.75,1735.75,29295,-0.83
2015-05-28,1774.5,1774.5,1774.5,1774.5,21458,2.23
2015-05-29,1738.0,1738.0,1738.0,1738.0,38250,-2.06
2015-06-01,1759.25,1759.25,1759.25,1759.25,21625,1.22
2015-06-02,1738.0,1738.0,1738.0,1738.0,18820,-1.21
2015-06-03,1750.75,1750.75,1750.75,1750.75,20402,0.73
2015-06-04,1741.25,1741.25,1741.25,1741.25,17945,-0.54
2015-06-05,1747.75,1747.75,1747.75,1747.75,46667,0.37
2015-06-08,1745.0,1745.0,1745.0,1745.0,36982,-0.16
2015-06-09,1745.75,1745.75,1745.75,1745.75,54331,0.04
2015-06-10,1754.75,1754.75,1754.75,1754.75,52946,0.52
2015-06-11,1744.5,1744.5,1744.5,1744.5,28901,-0.58
2015-06-12,1733.0,1733.0,1733.0,1733.0,34465,-0.66
2015-06-15,1708.25,1708.25,1708.25,1708.25,51491,-1.43
2015-06-16,1707.0,1707.0,1707.0,1707.0,60896,-0.07
2015-06-17,1704.5,1704.5,1704.5,1704.5,27104,-0.15
2015-06-18,1700.75,1700.75,1700.75,1700.75,24757,-0.22
2015-06-19,1691.0,1691.0,1691.0,1691.0,28301,-0.57
2015-06-22,1706.75,1706.75,1706.75,1706.75,25102,0.93
2015-06-23,1722.75,1722.75,1722.75,1722.75,27149,0.94
2015-06-24,1714.0,1714.0,1714.0,1714.0,21305,-0.51
2015-06-25,1720.75,1720.75,1720.75,1720.75,19347,0.39
2015-06-26,1701.25,1701.25,1701.25,1701.25,24804,-1.13
2015-06-29,1695.25,1695.25,1695.25,1695.25,25267,-0.35
2015-06-30,1684.75,1684.75,1684.75,1684.75,29624,-0.62
2015-07-01,1721.5,1721.5,1721.5,1721.5,32609,2.18
2015-07-02,1718.75,1718.75,1718.75,1718.75,29910,-0.16
2015-07-03,1704.5,1704.5,1704.5,1704.5,20078,-0.83
2015-07-06,1686.5,1686.5,1686.5,1686.5,24124,-1.06
2015-07-07,1656.75,1656.75,1656.75,1656.75,63398,-1.76
2015-07-08,1661.5,1661.5,1661.5,1661.5,39908,0.29
2015-07-09,1689.5,1689.5,1689.5,1689.5,23260,1.69
2015-07-10,1686.75,1686.75,1686.75,1686.75,29593,-0.16
2015-07-13,1702.25,1702.25,1702.25,1702.25,30752,0.92
2015-07-14,1710.5,1710.5,1710.5,1710.5,16109,0.48
2015-07-15,1720.5,1720.5,1720.5,1720.5,23300,0.58
2015-07-16,1717.75,1717.75,1717.75,1717.75,25881,-0.16
2015-07-17,1698.5,1698.5,1698.5,1698.5,16654,-1.12
2015-07-20,1689.25,1689.25,1689.25,1689.25,16666,-0.54
2015-07-21,1661.0,1661.0,1661.0,1661.0,58499,-1.67
2015-07-22,1659.5,1659.5,1659.5,1659.5,39884,-0.09
2015-07-23,1637.0,1637.0,1637.0,1637.0,24731,-1.36
2015-07-24,1645.25,1645.25,1645.25,1645.25,14652,0.5
2015-07-27,1641.5,1641.5,1641.5,1641.5,11217,-0.23
2015-07-28,1658.5,1658.5,1658.5,1658.5,9715,1.04
2015-07-29,1666.0,1666.0,1666.0,1666.0,26720,0.45
2015-07-30,1646.0,1646.0,1646.0,1646.0,11408,-1.2
2015-07-31,1621.5,1621.5,1621.5,1621.5,24507,-1.49
2015-08-03,1615.75,1615.75,1615.75,1615.75,28391,-0.35
2015-08-04,1620.75,1620.75,1620.75,1620.75,18499,0.31
2015-08-05,1598.5,1598.5,1598.5,1598.5,16910,-1.37
2015-08-06,1596.5,1596.5,1596.5,1596.5,19518,-0.13
2015-08-07,1593.0,1593.0,1593.0,1593.0,40103,-0.22
2015-08-10,1621.0,1621.0,1621.0,1621.0,35588,1.76
2015-08-11,1589.25,1589.25,1589.25,1589.25,36685,-1.96
2015-08-12,1591.0,1591.0,1591.0,1591.0,40496,0.11
2015-08-13,1575.75,1575.75,1575.75,1575.75,33934,-0.96
2015-08-14,1582.75,1582.75,1582.75,1582.75,22198,0.44
2015-08-17,1569.0,1569.0,1569.0,1569.0,17537,-0.87
2015-08-18,1554.0,1554.0,1554.0,1554.0,59038,-0.96
2015-08-19,1556.5,1556.5,1556.5,1556.5,29773,0.16
2015-08-20,1575.5,1575.5,1575.5,1575.5,20728,1.22
2015-08-21,1548.25,1548.25,1548.25,1548.25,21667,-1.73
2015-08-24,1519.5,1519.5,1519.5,1519.5,4469,-1.86
2015-08-25,1556.0,1556.0,1556.0,1556.0,25130,2.4
2015-08-26,1529.75,1529.75,1529.75,1529.75,17212,-1.69
2015-08-27,1558.5,1558.5,1558.5,1558.5,19802,1.88
2015-08-28,1601.75,1601.75,1601.75,1601.75,24117,2.78
2015-09-01,1599.5,1599.5,1599.5,1599.5,28285,-0.14
2015-09-02,1595.5,1595.5,1595.5,1595.5,30702,-0.25
2015-09-03,1625.25,1625.25,1625.25,1625.25,30236,1.86
2015-09-04,1602.5,1602.5,1602.5,1602.5,37645,-1.4
2015-09-07,1593.5,1593.5,1593.5,1593.5,13078,-0.56
2015-09-08,1623.5,1623.5,1623.5,1623.5,29907,1.88
2015-09-09,1622.5,1622.5,1622.5,1622.5,43058,-0.06
2015-09-10,1630.0,1630.0,1630.0,1630.0,36142,0.46
2015-09-11,1632.25,1632.25,1632.25,1632.25,52086,0.14
2015-09-14,1612.25,1612.25,1612.25,1612.25,31993,-1.23
2015-09-15,1613.75,1613.75,1613.75,1613.75,28049,0.09
2015-09-16,1626.5,1626.5,1626.5,1626.5,40620,0.79
2015-09-17,1633.25,1633.25,1633.25,1633.25,31608,0.42
2015-09-18,1626.0,1626.0,1626.0,1626.0,27371,-0.44
2015-09-21,1617.5,1617.5,1617.5,1617.5,12728,-0.52
2015-09-22,1589.0,1589.0,1589.0,1589.0,18709,-1.76
2015-09-23,1577.0,1577.0,1577.0,1577.0,20901,-0.76
2015-09-24,1578.5,1578.5,1578.5,1578.5,20218,0.1
2015-09-25,1566.5,1566.5,1566.5,1566.5,16246,-0.76
2015-09-28,1547.75,1547.75,1547.75,1547.75,22091,-1.2
2015-09-29,1560.5,1560.5,1560.5,1560.5,75064,0.82
2015-09-30,1573.0,1573.0,1573.0,1573.0,22463,0.8
2015-10-01,1559.0,1559.0,1559.0,1559.0,22936,-0.89
2015-10-02,1550.75,1550.75,1550.75,1550.75,23362,-0.53
2015-10-05,1556.25,1556.25,1556.25,1556.25,25166,0.35
2015-10-06,1544.0,1544.0,1544.0,1544.0,25057,-0.79
2015-10-07,1567.0,1567.0,1567.0,1567.0,41966,1.49
2015-10-08,1549.75,1549.75,1549.75,1549.75,39389,-1.1
2015-10-09,1601.75,1601.75,1601.75,1601.75,49665,3.36
2015-10-12,1581.0,1581.0,1581.0,1581.0,51578,-1.3
2015-10-13,1580.5,1580.5,1580.5,1580.5,41629,-0.03
2015-10-14,1579.5,1579.5,1579.5,1579.5,25907,-0.06
2015-10-15,1560.0,1560.0,1560.0,1560.0,37097,-1.23
2015-10-16,1559.0,1559.0,1559.0,1559.0,23979,-0.06
2015-10-19,1534.0,1534.0,1534.0,1534.0,20768,-1.6
2015-10-20,1545.0,1545.0,1545.0,1545.0,92793,0.72
2015-10-21,1516.0,1516.0,1516.0,1516.0,20698,-1.88
2015-10-22,1491.5,1491.5,1491.5,1491.5,21045,-1.62
2015-10-23,1498.0,1498.0,1498.0,1498.0,19621,0.44
2015-10-26,1480.0,1480.0,1480.0,1480.0,22553,-1.2
2015-10-27,1476.75,1476.75,1476.75,1476.75,24980,-0.22
2015-10-28,1484.75,1484.75,1484.75,1484.75,36192,0.54
2015-10-29,1472.25,1472.25,1472.25,1472.25,43178,-0.84
2015-10-30,1479.75,1479.75,1479.75,1479.75,20287,0.51
2015-11-02,1494.5,1494.5,1494.5,1494.5,16769,1.0
2015-11-03,1503.0,1503.0,1503.0,1503.0,23299,0.57
2015-11-04,1505.5,1505.5,1505.5,1505.5,43076,0.17
2015-11-05,1510.5,1510.5,1510.5,1510.5,24472,0.33
2015-11-06,1527.5,1527.5,1527.5,1527.5,41087,1.13
2015-11-09,1517.5,1517.5,1517.5,1517.5,29499,-0.65
2015-11-10,1514.0,1514.0,1514.0,1514.0,43399,-0.23
2015-11-11,1524.0,1524.0,1524.0,1524.0,22242,0.66
2015-11-12,1497.5,1497.5,1497.5,1497.5,35233,-1.74
2015-11-13,1497.0,1497.0,1497.0,1497.0,21833,-0.03
2015-11-16,1471.0,1471.0,1471.0,1471.0,35145,-1.74
2015-11-17,1474.0,1474.0,1474.0,1474.0,55158,0.2
2015-11-18,1472.5,1472.5,1472.5,1472.5,15918,-0.1
2015-11-19,1466.5,1466.5,1466.5,1466.5,7560,-0.41
2015-11-20,1447.5,1447.5,1447.5,1447.5,9070,-1.3
2015-11-23,1435.75,1435.75,1435.75,1435.75,13139,-0.81
2015-11-24,1445.75,1445.75,1445.75,1445.75,7910,0.7
2015-11-25,1460.0,1460.0,1460.0,1460.0,68114,0.99
2015-11-26,1502.0,1502.0,1502.0,1502.0,9888,2.88
2015-11-27,1458.5,1458.5,1458.5,1458.5,12813,-2.9
2015-11-30,1447.0,1447.0,1447.0,1447.0,14893,-0.79
2015-12-01,1470.25,1470.25,1470.25,1470.25,23131,1.61
2015-12-02,1487.0,1487.0,1487.0,1487.0,18079,1.14
2015-12-03,1474.5,1474.5,1474.5,1474.5,21393,-0.84
2015-12-04,1515.0,1515.0,1515.0,1515.0,35959,2.75
2015-12-07,1485.0,1485.0,1485.0,1485.0,23711,-1.98
2015-12-08,1477.0,1477.0,1477.0,1477.0,36776,-0.54
2015-12-09,1490.75,1490.75,1490.75,1490.75,29720,0.93
2015-12-10,1491.75,1491.75,1491.75,1491.75,29298,0.07
2015-12-11,1483.25,1483.25,1483.25,1483.25,37747,-0.57
2015-12-14,1492.5,1492.5,1492.5,1492.5,25337,0.62
2015-12-15,1471.0,1471.0,1471.0,1471.0,31592,-1.44
2015-12-16,1486.0,1486.0,1486.0,1486.0,51814,1.02
2015-12-17,1476.5,1476.5,1476.5,1476.5,28079,-0.64
2015-12-18,1506.25,1506.25,1506.25,1506.25,24207,2.01
2015-12-21,1513.5,1513.5,1513.5,1513.5,27445,0.48
2015-12-22,1508.0,1508.0,1508.0,1508.0,19918,-0.36
2015-12-23,1537.0,1537.0,1537.0,1537.0,31415,1.92
2015-12-24,1534.0,1534.0,1534.0,1534.0,16509,-0.2
2015-12-29,1535.75,1535.75,1535.75,1535.75,22050,0.11
2015-12-30,1528.75,1528.75,1528.75,1528.75,17336,-0.46
2015-12-31,1507.75,1507.75,1507.75,1507.75,14674,-1.37
2016-01-04,1473.0,1473.0,1473.0,1473.0,35958,-2.3
2016-01-05,1462.5,1462.5,1462.5,1462.5,65089,-0.71
2016-01-06,1474.0,1474.0,1474.0,1474.0,27613,0.79
2016-01-07,1473.5,1473.5,1473.5,1473.5,29902,-0.03
2016-01-08,1491.75,1491.75,1491.75,1491.75,48784,1.24
2016-01-11,1459.0,1459.0,1459.0,1459.0,49912,-2.2
2016-01-12,1449.5,1449.5,1449.5,1449.5,43919,-0.65
2016-01-13,1462.5,1462.5,1462.5,1462.5,50561,0.9
2016-01-14,1483.0,1483.0,1483.0,1483.0,51596,1.4
2016-01-15,1473.0,1473.0,1473.0,1473.0,32840,-0.67
2016-01-18,1480.25,1480.25,1480.25,1480.25,30696,0.49
2016-01-19,1481.0,1481.0,1481.0,1481.0,24770,0.05
2016-01-20,1469.0,1469.0,1469.0,1469.0,46108,-0.81
2016-01-21,1482.5,1482.5,1482.5,1482.5,13345,0.92
2016-01-22,1482.25,1482.25,1482.25,1482.25,11075,-0.02
2016-01-25,1476.5,1476.5,1476.5,1476.5,15686,-0.39
2016-01-26,1495.75,1495.75,1495.75,1495.75,25451,1.3
2016-01-27,1527.0,1527.0,1527.0,1527.0,16289,2.09
2016-01-28,1514.0,1514.0,1514.0,1514.0,22483,-0.85
2016-01-29,1519.25,1519.25,1519.25,1519.25,19573,0.35
2016-02-01,1520.75,1520.75,1520.75,1520.75,15414,0.1
2016-02-02,1500.5,1500.5,1500.5,1500.5,27894,-1.33
2016-02-03,1524.5,1524.5,1524.5,1524.5,25215,1.6
2016-02-04,1533.75,1533.75,1533.75,1533.75,20983,0.61
2016-02-05,1496.5,1496.5,1496.5,1496.5,42548,-2.43
2016-02-08,1498.25,1498.25,1498.25,1498.25,32398,0.12
2016-02-09,1477.25,1477.25,1477.25,1477.25,33586,-1.4
2016-02-10,1476.0,1476.0,1476.0,1476.0,39398,-0.08
2016-02-11,1481.0,1481.0,1481.0,1481.0,18453,0.34
2016-02-12,1496.5,1496.5,1496.5,1496.5,15506,1.05
2016-02-15,1509.75,1509.75,1509.75,1509.75,11295,0.89
2016-02-16,1521.0,1521.0,1521.0,1521.0,13943,0.75
2016-02-17,1517.75,1517.75,1517.75,1517.75,14978,-0.21
2016-02-18,1517.0,1517.0,1517.0,1517.0,40368,-0.05
2016-02-19,1551.0,1551.0,1551.0,1551.0,23137,2.24
2016-02-22,1575.75,1575.75,1575.75,1575.75,37945,1.6
2016-02-23,1549.5,1549.5,1549.5,1549.5,12279,-1.67
2016-02-24,1568.5,1568.5,1568.5,1568.5,26398,1.23
2016-02-25,1558.0,1558.0,1558.0,1558.0,26507,-0.67
2016-02-26,1561.0,1561.0,1561.0,1561.0,15891,0.19
2016-02-29,1573.5,1573.5,1573.5,1573.5,13062,0.8
2016-03-01,1572.75,1572.75,1572.75,1572.75,19347,-0.05
2016-03-02,1588.75,1588.75,1588.75,1588.75,15697,1.02
2016-03-03,1576.5,1576.5,1576.5,1576.5,27235,-0.77
2016-03-04,1586.25,1586.25,1586.25,1586.25,15023,0.62
2016-03-07,1598.0,1598.0,1598.0,1598.0,17218,0.74
2016-03-08,1566.25,1566.25,1566.25,1566.25,22324,-1.99
2016-03-09,1579.75,1579.75,1579.75,1579.75,25073,0.86
2016-03-10,1558.0,1558.0,1558.0,1558.0,26866,-1.38
2016-03-11,1560.0,1560.0,1560.0,1560.0,23990,0.13
2016-03-14,1540.0,1540.0,1540.0,1540.0,23998,-1.28
2016-03-15,1520.0,1520.0,1520.0,1520.0,71696,-1.3
2016-03-16,1509.0,1509.0,1509.0,1509.0,39014,-0.72
2016-03-17,1529.25,1529.25,1529.25,1529.25,30395,1.34
2016-03-18,1521.0,1521.0,1521.0,1521.0,28293,-0.54
2016-03-21,1511.0,1511.0,1511.0,1511.0,26339,-0.66
2016-03-22,1498.75,1498.75,1498.75,1498.75,33133,-0.81
2016-03-23,1477.5,1477.5,1477.5,1477.5,29371,-1.42
2016-03-24,1473.5,1473.5,1473.5,1473.5,33779,-0.27
2016-03-29,1485.25,1485.25,1485.25,1485.25,45336,0.8
2016-03-30,1492.0,1492.0,1492.0,1492.0,32016,0.45
2016-03-31,1516.5,1516.5,1516.5,1516.5,30427,1.64
2016-04-01,1532.25,1532.25,1532.25,1532.25,28302,1.04
2016-04-04,1532.0,1532.0,1532.0,1532.0,21486,-0.02
2016-04-05,1517.5,1517.5,1517.5,1517.5,27033,-0.95
2016-04-06,1510.5,1510.5,1510.5,1510.5,26488,-0.46
2016-04-07,1498.75,1498.75,1498.75,1498.75,38010,-0.78
2016-04-08,1515.75,1515.75,1515.75,1515.75,21812,1.13
2016-04-11,1504.5,1504.5,1504.5,1504.5,26249,-0.74
2016-04-12,1530.0,1530.0,1530.0,1530.0,37647,1.69
2016-04-13,1556.0,1556.0,1556.0,1556.0,41620,1.7
2016-04-14,1557.0,1557.0,1557.0,1557.0,38762,0.06
2016-04-15,1553.5,1553.5,1553.5,1553.5,29621,-0.22
2016-04-18,1572.0,1572.0,1572.0,1572.0,35877,1.19
2016-04-19,1586.0,1586.0,1586.0,1586.0,27274,0.89
2016-04-20,1622.0,1622.0,1622.0,1622.0,110213,2.27
2016-04-21,1637.0,1637.0,1637.0,1637.0,23547,0.92
2016-04-22,1654.5,1654.5,1654.5,1654.5,13414,1.07
2016-04-25,1656.5,1656.5,1656.5,1656.5,10199,0.12
2016-04-26,1650.0,1650.0,1650.0,1650.0,13812,-0.39
2016-04-27,1645.0,1645.0,1645.0,1645.0,19600,-0.3
2016-04-28,1667.75,1667.75,1667.75,1667.75,30950,1.38
2016-04-29,1681.75,1681.75,1681.75,1681.75,25902,0.84
2016-05-03,1633.5,1633.5,1633.5,1633.5,28472,-2.87
2016-05-04,1633.0,1633.0,1633.0,1633.0,19337,-0.03
2016-05-05,1608.0,1608.0,1608.0,1608.0,20563,-1.53
2016-05-06,1597.0,1597.0,1597.0,1597.0,25441,-0.68
2016-05-09,1558.5,1558.5,1558.5,1558.5,27777,-2.41
2016-05-10,1551.25,1551.25,1551.25,1551.25,26676,-0.47
2016-05-11,1560.75,1560.75,1560.75,1560.75,18870,0.61
2016-05-12,1541.0,1541.0,1541.0,1541.0,19676,-1.27
2016-05-13,1530.5,1530.5,1530.5,1530.5,25193,-0.68
2016-05-16,1543.0,1543.0,1543.0,1543.0,12692,0.82
2016-05-17,1545.0,1545.0,1545.0,1545.0,55005,0.13
2016-05-18,1551.75,1551.75,1551.75,1551.75,28654,0.44
2016-05-19,1545.0,1545.0,1545.0,1545.0,15460,-0.43
2016-05-20,1547.0,1547.0,1547.0,1547.0,14372,0.13
2016-05-23,1553.5,1553.5,1553.5,1553.5,8487,0.42
2016-05-24,1555.5,1555.5,1555.5,1555.5,14432,0.13
2016-05-25,1543.5,1543.5,1543.5,1543.5,10435,-0.77
2016-05-26,1554.75,1554.75,1554.75,1554.75,17312,0.73
2016-05-27,1554.5,1554.5,1554.5,1554.5,14758,-0.02
2016-05-31,1553.75,1553.75,1553.75,1553.75,15754,-0.05
2016-06-01,1566.5,1566.5,1566.5,1566.5,17827,0.82
2016-06-02,1537.5,1537.5,1537.5,1537.5,15907,-1.85
2016-06-03,1541.5,1541.5,1541.5,1541.5,14268,0.26
2016-06-06,1549.25,1549.25,1549.25,1549.25,13040,0.5
2016-06-07,1561.25,1561.25,1561.25,1561.25,22757,0.77
2016-06-08,1601.25,1601.25,1601.25,1601.25,25717,2.56
2016-06-09,1574.25,1574.25,1574.25,1574.25,24333,-1.69
2016-06-10,1570.75,1570.75,1570.75,1570.75,22274,-0.22
2016-06-13,1597.5,1597.5,1597.5,1597.5,18352,1.7
2016-06-14,1611.0,1611.0,1611.0,1611.0,40543,0.85
2016-06-15,1627.0,1627.0,1627.0,1627.0,22823,0.99
2016-06-16,1604.75,1604.75,1604.75,1604.75,20978,-1.37
2016-06-17,1615.0,1615.0,1615.0,1615.0,20460,0.64
2016-06-20,1633.15,1633.15,1633.15,1633.15,29069,1.12
2016-06-21,1635.5,1635.5,1635.5,1635.5,52784,0.14
2016-06-22,1635.25,1635.25,1635.25,1635.25,21309,-0.02
2016-06-23,1643.25,1643.25,1643.25,1643.25,19946,0.49
2016-06-24,1618.75,1618.75,1618.75,1618.75,16531,-1.49
2016-06-27,1596.75,1596.75,1596.75,1596.75,11777,-1.36
2016-06-28,1625.0,1625.0,1625.0,1625.0,16105,1.77
2016-06-29,1637.25,1637.25,1637.25,1637.25,31363,0.75
2016-06-30,1651.25,1651.25,1651.25,1651.25,37966,0.86
2016-07-01,1666.25,1666.25,1666.25,1666.25,34721,0.91
2016-07-04,1651.25,1651.25,1651.25,1651.25,20565,-0.9
2016-07-05,1655.5,1655.5,1655.5,1655.5,27283,0.26
2016-07-06,1652.75,1652.75,1652.75,1652.75,28143,-0.17
2016-07-07,1637.75,1637.75,1637.75,1637.75,21159,-0.91
2016-07-08,1663.5,1663.5,1663.5,1663.5,26465,1.57
2016-07-11,1651.5,1651.5,1651.5,1651.5,31030,-0.72
2016-07-12,1674.0,1674.0,1674.0,1674.0,45776,1.36
2016-07-13,1670.5,1670.5,1670.5,1670.5,36736,-0.21
2016-07-14,1680.5,1680.5,1680.5,1680.5,19617,0.6
2016-07-15,1664.75,1664.75,1664.75,1664.75,20127,-0.94
2016-07-18,1654.75,1654.75,1654.75,1654.75,19715,-0.6
2016-07-19,1647.0,1647.0,1647.0,1647.0,37306,-0.47
2016-07-20,1625.25,1625.25,1625.25,1625.25,20877,-1.32
2016-07-21,1601.0,1601.0,1601.0,1601.0,16842,-1.49
2016-07-22,1611.25,1611.25,1611.25,1611.25,20583,0.64
2016-07-25,1604.75,1604.75,1604.75,1604.75,11055,-0.4
2016-07-26,1591.5,1591.5,1591.5,1591.5,12553,-0.83
2016-07-27,1591.5,1591.5,1591.5,1591.5,17818,0.0
2016-07-28,1608.25,1608.25,1608.25,1608.25,14215,1.05
2016-07-29,1644.0,1644.0,1644.0,1644.0,19049,2.22
2016-08-01,1633.5,1633.5,1633.5,1633.5,20354,-0.64
2016-08-02,1623.0,1623.0,1623.0,1623.0,17189,-0.64
2016-08-03,1640.0,1640.0,1640.0,1640.0,20148,1.05
2016-08-04,1619.75,1619.75,1619.75,1619.75,12373,-1.23
2016-08-05,1642.0,1642.0,1642.0,1642.0,10337,1.37
2016-08-08,1639.25,1639.25,1639.25,1639.25,20212,-0.17
2016-08-09,1638.25,1638.25,1638.25,1638.25,24839,-0.06
2016-08-10,1643.0,1643.0,1643.0,1643.0,17324,0.29
2016-08-11,1649.0,1649.0,1649.0,1649.0,13068,0.37
2016-08-12,1651.0,1651.0,1651.0,1651.0,9448,0.12
2016-08-15,1672.5,1672.5,1672.5,1672.5,25341,1.3
2016-08-16,1693.0,1693.0,1693.0,1693.0,58251,1.23
2016-08-17,1694.75,1694.75,1694.75,1694.75,24576,0.1
2016-08-18,1683.5,1683.5,1683.5,1683.5,15475,-0.66
2016-08-19,1667.25,1667.25,1667.25,1667.25,12892,-0.97
2016-08-22,1667.5,1667.5,1667.5,1667.5,9656,0.01
2016-08-23,1669.25,1669.25,1669.25,1669.25,7293,0.1
2016-08-24,1645.75,1645.75,1645.75,1645.75,18661,-1.41
2016-08-25,1643.75,1643.75,1643.75,1643.75,18943,-0.12
2016-08-26,1641.5,1641.5,1641.5,1641.5,10465,-0.14
2016-08-30,1627.75,1627.75,1627.75,1627.75,21456,-0.84
2016-08-31,1610.75,1610.75,1610.75,1610.75,29805,-1.04
2016-09-01,1611.0,1611.0,1611.0,1611.0,17841,0.02
2016-09-02,1590.0,1590.0,1590.0,1590.0,14849,-1.3
2016-09-05,1576.0,1576.0,1576.0,1576.0,7559,-0.88
2016-09-06,1585.0,1585.0,1585.0,1585.0,15006,0.57
2016-09-07,1588.75,1588.75,1588.75,1588.75,18803,0.24
2016-09-08,1586.25,1586.25,1586.25,1586.25,17231,-0.16
2016-09-09,1573.5,1573.5,1573.5,1573.5,22300,-0.8
2016-09-12,1562.5,1562.5,1562.5,1562.5,22576,-0.7
2016-09-13,1559.5,1559.5,1559.5,1559.5,22140,-0.19
2016-09-14,1579.5,1579.5,1579.5,1579.5,22974,1.28
2016-09-15,1566.5,1566.5,1566.5,1566.5,12008,-0.82
2016-09-16,1570.5,1570.5,1570.5,1570.5,12177,0.26
2016-09-19,1577.25,1577.25,1577.25,1577.25,16593,0.43
2016-09-20,1576.25,1576.25,1576.25,1576.25,51510,-0.06
2016-09-21,1584.0,1584.0,1584.0,1584.0,38670,0.49
2016-09-22,1635.25,1635.25,1635.25,1635.25,36758,3.24
2016-09-23,1638.75,1638.75,1638.75,1638.75,35907,0.21
2016-09-26,1662.0,1662.0,1662.0,1662.0,27768,1.42
2016-09-27,1652.25,1652.25,1652.25,1652.25,38257,-0.59
2016-09-28,1666.25,1666.25,1666.25,1666.25,29118,0.85
2016-09-29,1672.5,1672.5,1672.5,1672.5,20559,0.38
2016-09-30,1674.5,1674.5,1674.5,1674.5,36341,0.12
2016-10-03,1678.0,1678.0,1678.0,1678.0,28349,0.21
2016-10-04,1669.25,1669.25,1669.25,1669.25,35935,-0.52
2016-10-05,1675.25,1675.25,1675.25,1675.25,25545,0.36
2016-10-06,1677.5,1677.5,1677.5,1677.5,75442,0.13
2016-10-07,1675.5,1675.5,1675.5,1675.5,36745,-0.12
2016-10-10,1689.0,1689.0,1689.0,1689.0,55297,0.81
2016-10-11,1677.25,1677.25,1677.25,1677.25,176340,-0.7
2016-10-12,1683.0,1683.0,1683.0,1683.0,205994,0.34
2016-10-13,1689.75,1689.75,1689.75,1689.75,33536,0.4
2016-10-14,1672.0,1672.0,1672.0,1672.0,22037,-1.05
2016-10-17,1657.0,1657.0,1657.0,1657.0,48322,-0.9
2016-10-18,1642.0,1642.0,1642.0,1642.0,72928,-0.91
2016-10-19,1631.75,1631.75,1631.75,1631.75,40448,-0.62
2016-10-20,1612.25,1612.25,1612.25,1612.25,26160,-1.2
2016-10-21,1625.25,1625.25,1625.25,1625.25,23111,0.81
2016-10-24,1630.5,1630.5,1630.5,1630.5,18549,0.32
2016-10-25,1669.0,1669.0,1669.0,1669.0,27337,2.36
2016-10-26,1679.5,1679.5,1679.5,1679.5,16669,0.63
2016-10-27,1699.5,1699.5,1699.5,1699.5,39610,1.19
2016-10-28,1720.0,1720.0,1720.0,1720.0,20331,1.21
2016-10-31,1735.25,1735.25,1735.25,1735.25,28190,0.89
2016-11-01,1736.5,1736.5,1736.5,1736.5,22171,0.07
2016-11-02,1727.5,1727.5,1727.5,1727.5,16396,-0.52
2016-11-03,1732.5,1732.5,1732.5,1732.5,20198,0.29
2016-11-04,1722.0,1722.0,1722.0,1722.0,18277,-0.61
2016-11-07,1726.25,1726.25,1726.25,1726.25,37890,0.25
2016-11-08,1729.75,1729.75,1729.75,1729.75,29088,0.2
2016-11-09,1751.5,1751.5,1751.5,1751.5,32906,1.26
2016-11-10,1768.5,1768.5,1768.5,1768.5,61310,0.97
2016-11-11,1742.5,1742.5,1742.5,1742.5,51598,-1.47
2016-11-14,1732.5,1732.5,1732.5,1732.5,36905,-0.57
2016-11-15,1735.0,1735.0,1735.0,1735.0,79502,0.14
2016-11-16,1697.5,1697.5,1697.5,1697.5,22960,-2.16
2016-11-17,1688.5,1688.5,1688.5,1688.5,11344,-0.53
2016-11-18,1697.22,1700.22,1693.25,1694.75,20801,0.37
2016-11-21,1725.63,1726.13,1719.63,1722.25,13307,1.62
2016-11-22,1764.75,1766.0,1762.5,1760.25,17222,2.21
2016-11-23,1780.75,1784.0,1779.5,1778.0,11183,1.01
2016-11-24,1765.5,1766.0,1762.5,1770.0,9416,-0.45
2016-11-25,1766.25,1770.25,1764.25,1756.75,8796,-0.75
2016-11-28,1736.5,1742.25,1728.5,1746.0,15263,-0.61
2016-11-29,1719.5,1723.0,1718.5,1720.0,15812,-1.49
2016-11-30,1728.0,1730.75,1726.75,1731.0,17489,0.64
2016-12-01,1722.0,1722.75,1720.0,1720.25,14820,-0.62
2016-12-02,1719.0,1721.5,1714.75,1712.75,14460,-0.44
2016-12-05,1732.5,1732.75,1727.0,1733.0,14724,1.18
2016-12-06,1710.75,1711.0,1708.0,1707.5,17792,-1.47
2016-12-07,1714.75,1719.5,1713.75,1706.5,21232,-0.06
2016-12-08,1729.75,1733.0,1729.75,1723.0,29218,0.97
2016-12-09,1754.75,1755.0,1749.0,1749.0,24467,1.51
2016-12-12,1742.5,1742.5,1738.75,1729.75,14576,-1.1
2016-12-13,1746.25,1747.25,1743.0,1739.5,33648,0.56
2016-12-14,1750.5,1751.0,1748.5,1744.25,20750,0.27
2016-12-15,1746.0,1749.0,1745.5,1733.5,32834,-0.62
2016-12-16,1746.0,1750.75,1720.0,1714.5,22848,-1.1
2016-12-19,1710.5,1710.75,1703.75,1710.25,28379,-0.25
2016-12-20,1720.75,1724.0,1720.5,1721.25,33324,0.64
2016-12-21,1726.63,1728.63,1725.5,1725.75,27947,0.26
2016-12-22,1726.75,1727.25,1725.75,1722.75,32928,-0.17
2016-12-23,1725.5,1726.0,1718.25,1720.0,12092,-0.16
2016-12-28,1706.5,1706.75,1705.0,1705.25,25536,-0.86
2016-12-29,1686.0,1689.0,1682.0,1679.0,27887,-1.54
2016-12-30,1693.75,1698.0,1689.75,1692.75,27660,0.82
2017-01-03,1687.25,1687.75,1686.25,1686.25,35355,-0.38
2017-01-04,1690.5,1690.75,1688.75,1684.0,31891,-0.13
2017-01-05,1703.75,1704.75,1702.0,1701.0,31226,1.01
2017-01-06,1711.5,1719.75,1711.5,1711.75,23696,0.63
2017-01-09,1723.0,1726.5,1723.0,1725.0,32327,0.77
2017-01-10,1745.25,1746.25,1743.5,1748.0,43540,1.33
2017-01-11,1758.25,1758.75,1754.75,1756.75,35606,0.5
2017-01-12,1787.25,1791.25,1786.75,1788.0,49618,1.78
2017-01-13,1810.75,1811.75,1808.25,1807.0,46983,1.06
2017-01-16,1784.1,1785.85,1783.85,1789.75,23894,-0.95
2017-01-17,1796.1,1798.35,1796.1,1798.25,25630,0.47
2017-01-18,1811.75,1813.0,1809.5,1834.5,23615,2.02
2017-01-19,1820.13,1820.63,1815.5,1826.0,50614,-0.46
2017-01-20,1847.63,1848.88,1843.88,1846.0,27538,1.1
2017-01-23,1849.25,1850.75,1845.25,1850.0,10238,0.22
2017-01-24,1859.13,1862.75,1859.13,1867.25,15797,0.93
2017-01-25,1832.25,1835.25,1830.0,1833.0,13679,-1.83
2017-01-26,1810.5,1813.75,1809.5,1819.25,21838,-0.75
2017-01-27,1813.75,1818.5,1813.0,1815.0,11814,-0.23
2017-01-30,1797.75,1799.0,1791.5,1800.5,11899,-0.8
2017-01-31,1809.5,1811.25,1807.0,1818.0,17471,0.97
2017-02-01,1805.75,1806.75,1803.5,1817.0,22249,-0.06
2017-02-02,1810.25,1819.25,1809.75,1827.0,30276,0.55
2017-02-03,1823.5,1826.5,1821.5,1832.25,17803,0.29
2017-02-06,1821.25,1823.75,1816.75,1831.75,14582,-0.03
2017-02-07,1817.25,1818.25,1814.0,1827.25,26382,-0.25
2017-02-08,1830.25,1832.5,1829.75,1844.0,27307,0.92
2017-02-09,1833.75,1835.25,1833.0,1846.5,33518,0.14
2017-02-10,1858.25,1862.75,1858.25,1870.5,28700,1.3
2017-02-13,1864.0,1865.25,1862.75,1867.5,32634,-0.16
2017-02-14,1878.25,1888.0,1875.25,1887.0,19290,1.04
2017-02-15,1906.5,1907.25,1906.0,1913.0,16011,1.38
2017-02-16,1894.75,1894.75,1893.0,1896.25,19326,-0.88
2017-02-17,1873.88,1875.63,1873.38,1880.0,54866,-0.86
2017-02-20,1892.5,1895.0,1891.0,1900.5,12017,1.09
2017-02-21,1874.5,1875.75,1871.0,1886.5,17545,-0.74
2017-02-22,1882.0,1885.25,1881.75,1885.25,33187,-0.07
2017-02-23,1859.0,1860.5,1857.5,1868.0,29448,-0.91
2017-02-24,1881.5,1882.5,1878.5,1886.25,28060,0.98
2017-02-27,1900.25,1900.5,1897.0,1901.5,30178,0.81
2017-02-28,1916.75,1920.25,1916.0,1925.0,46800,1.24
2017-03-01,1943.5,1944.75,1939.0,1950.5,36299,1.32
2017-03-02,1905.25,1906.0,1904.5,1911.5,24210,-2.0
2017-03-03,1885.0,1885.0,1883.0,1892.25,19359,-1.01
2017-03-06,1870.5,1873.0,1869.5,1875.0,28409,-0.91
2017-03-07,1874.25,1875.0,1871.5,1874.75,33160,-0.01
2017-03-08,1861.75,1869.25,1861.75,1875.5,26515,0.04
2017-03-09,1864.75,1866.0,1864.0,1865.25,29085,-0.55
2017-03-10,1866.0,1868.25,1866.0,1877.0,27382,0.63
2017-03-13,1872.75,1874.25,1872.25,1877.0,34486,0.0
2017-03-14,1858.5,1858.5,1852.75,1859.5,42022,-0.93
2017-03-15,1877.25,1883.5,1876.75,1886.5,13369,1.45
2017-03-16,1897.5,1899.0,1893.75,1899.75,18845,0.7
2017-03-17,1908.75,1910.75,1908.25,1914.25,16943,0.76
2017-03-20,1914.5,1914.75,1909.75,1922.0,20236,0.4
2017-03-21,1917.25,1920.63,1915.25,1927.0,68939,0.26
2017-03-22,1917.25,1929.75,1902.2,1923.75,27376,-0.17
2017-03-23,1929.5,1929.75,1928.0,1934.75,21189,0.57
2017-03-24,1933.75,1933.75,1932.25,1940.5,11791,0.3
2017-03-27,1930.25,1930.25,1930.25,1931.0,15717,-0.49
2017-03-28,1934.75,1941.75,1934.75,1945.25,21335,0.74
2017-03-29,1965.25,1967.25,1965.25,1962.0,29874,0.86
2017-03-30,1971.5,1971.5,1971.5,1974.25,32469,0.62
2017-03-31,1953.25,1953.25,1953.25,1964.25,34424,-0.51
2017-04-03,1944.0,1947.75,1944.0,1953.0,40955,-0.57
2017-04-04,1928.75,1933.5,1928.75,1938.5,24117,-0.74
2017-04-05,1956.0,1959.5,1956.0,1961.25,32204,1.17
2017-04-06,1942.5,1947.5,1942.5,1953.0,27405,-0.42
2017-04-07,1950.75,1954.5,1950.75,1960.75,71235,0.4
2017-04-10,1908.5,1916.5,1908.5,1924.75,42971,-1.84
2017-04-11,1906.75,1906.75,1906.75,1919.25,47864,-0.29
2017-04-12,1885.5,1894.75,1885.5,1896.25,45929,-1.2
2017-04-13,1901.38,1901.38,1882.63,1907.0,37992,0.57
2017-04-18,1887.75,1899.0,1887.75,1891.25,18568,-0.83
2017-04-19,1903.5,1903.5,1894.25,1903.0,47888,0.62
2017-04-20,1934.0,1934.0,1894.0,1943.75,25247,2.14
2017-04-21,1927.5,1934.0,1927.5,1934.0,16577,-0.5
2017-04-24,1934.25,1942.75,1925.0,1946.0,17609,0.62
2017-04-25,1934.25,1957.75,1925.0,1963.25,18326,0.89
2017-04-26,1961.5,1964.0,1961.5,1964.75,21695,0.08
2017-04-27,1918.75,1923.0,1918.75,1924.0,18713,-2.07
2017-04-28,1904.13,1916.88,1904.13,1911.25,35125,-0.66
2017-05-02,1923.25,1931.25,1923.25,1928.75,21845,0.92
2017-05-03,1912.75,1920.5,1912.75,1923.0,21827,-0.3
2017-05-04,1912.75,1920.5,1892.75,1911.5,22176,-0.6
2017-05-05,1893.5,1902.0,1893.5,1902.0,34341,-0.5
2017-05-08,1871.75,1877.0,1871.75,1878.0,30032,-1.26
2017-05-09,1865.25,1871.25,1864.0,1868.5,57691,-0.51
2017-05-10,1859.0,1867.0,1859.0,1863.5,27077,-0.27
2017-05-11,1868.5,1875.25,1868.5,1873.5,16160,0.54
2017-05-12,1881.25,1889.0,1881.25,1889.25,15040,0.84
2017-05-15,1899.75,1899.75,1899.75,1902.25,20325,0.69
2017-05-16,1921.25,1924.25,1921.25,1923.0,57746,1.09
2017-05-17,1925.25,1925.25,1925.25,1925.25,22326,0.12
2017-05-18,1916.75,1916.75,1916.75,1923.75,10559,-0.08
2017-05-19,1944.5,1944.5,1944.5,1944.5,13237,1.08
2017-05-22,1933.75,1933.75,1933.75,1938.5,10623,-0.31
2017-05-23,1943.0,1943.0,1943.0,1943.75,7537,0.27
2017-05-24,1941.88,1941.88,1941.88,1945.5,11348,0.09
2017-05-25,1954.0,1954.0,1954.0,1960.75,13151,0.78
2017-05-26,1944.88,1944.88,1944.88,1951.5,17409,-0.47
2017-05-30,1925.5,1925.5,1925.5,1925.5,14848,-1.33
2017-05-31,1922.25,1928.75,1922.25,1927.75,19723,0.12
2017-06-01,1923.75,1923.75,1923.75,1926.5,17639,-0.06
2017-06-02,1923.25,1923.25,1923.25,1930.0,18287,0.18
2017-06-05,1901.5,1901.5,1901.5,1901.5,21500,-1.48
2017-06-06,1898.55,1898.55,1898.55,1899.5,20973,-0.11
2017-06-07,1896.88,1903.63,1896.88,1904.25,33993,0.25
2017-06-08,1894.75,1894.75,1894.75,1901.0,25861,-0.17
2017-06-09,1900.0,1900.0,1900.0,1905.0,21762,0.21
2017-06-12,1878.5,1879.75,1878.5,1886.0,30061,-1.0
2017-06-13,1880.25,1880.25,1880.25,1885.75,29229,-0.01
2017-06-14,1867.5,1867.5,1867.5,1879.0,18186,-0.36
2017-06-15,1863.25,1863.25,1863.25,1867.75,20645,-0.6
2017-06-16,1860.0,1860.0,1860.0,1863.0,20738,-0.25
2017-06-19,1881.0,1881.0,1881.0,1881.75,27370,1.01
2017-06-20,1878.5,1878.5,1878.5,1886.5,73756,0.25
2017-06-21,1858.25,1858.25,1858.25,1867.25,44195,-1.02
2017-06-22,1861.5,1861.5,1861.5,1870.5,29218,0.17
2017-06-23,1857.25,1857.25,1857.25,1865.5,21389,-0.27
2017-06-26,1859.25,1859.25,1859.25,1862.0,26501,-0.19
2017-06-27,1878.5,1878.5,1878.5,1883.5,27962,1.15
2017-06-28,1887.13,1887.13,1887.13,1896.5,21146,0.69
2017-06-29,1903.0,1909.25,1903.0,1915.75,31986,1.02
2017-06-30,1914.0,1914.0,1911.0,1919.5,27314,0.2
2017-07-03,1925.75,1925.75,1925.75,1926.75,29127,0.38
2017-07-04,1923.5,1923.5,1923.5,1927.75,9907,0.05
2017-07-05,1923.5,1924.5,1909.75,1928.5,28197,0.04
2017-07-06,1930.5,1936.5,1930.5,1943.75,34590,0.79
2017-07-07,1921.5,1921.5,1920.5,1929.75,23857,-0.72
2017-07-10,1920.5,1925.75,1885.0,1895.0,47410,-1.8
2017-07-11,1887.75,1887.75,1887.75,1897.5,33362,0.13
2017-07-12,1876.25,1881.75,1876.25,1886.25,53910,-0.59
2017-07-13,1909.75,1909.75,1909.75,1920.25,52141,1.8
2017-07-14,1910.0,1910.0,1910.0,1923.75,29734,0.18
2017-07-17,1901.25,1907.0,1901.25,1913.25,29400,-0.55
2017-07-18,1918.0,1918.0,1918.0,1931.0,56242,0.93
2017-07-19,1908.0,1908.0,1908.0,1920.25,16922,-0.56
2017-07-20,1902.25,1902.25,1902.25,1917.0,22834,-0.17
2017-07-21,1901.5,1901.5,1901.5,1915.25,13389,-0.09
2017-07-24,1897.25,1897.25,1897.0,1911.5,11671,-0.2
2017-07-25,1923.5,1923.5,1923.5,1929.25,15660,0.93
2017-07-26,1919.75,1919.75,1919.75,1941.0,12843,0.61
2017-07-27,1919.75,1921.75,1919.75,1936.5,13372,-0.23
2017-07-28,1904.5,1904.5,1904.5,1904.5,17746,-1.65
2017-07-31,1899.5,1899.5,1899.5,1914.75,14149,0.54
2017-08-01,1890.75,1890.75,1890.75,1903.75,18688,-0.57
2017-08-02,1908.0,1908.0,1907.5,1922.5,14789,0.98
2017-08-03,1893.75,1893.75,1893.75,1912.75,13815,-0.51
2017-08-04,1907.0,1907.0,1907.0,1907.0,14285,-0.3
2017-08-07,1955.25,1955.25,1955.25,1960.0,19553,2.78
2017-08-08,2012.5,2012.5,2012.5,2026.5,41830,3.39
2017-08-09,2016.5,2016.5,2016.5,2024.25,33487,-0.11
2017-08-10,2026.5,2026.5,2026.5,2033.75,24482,0.47
2017-08-11,2038.5,2038.5,2038.5,2040.0,23647,0.31
2017-08-14,2018.75,2018.75,2018.75,2018.75,27235,-1.04
2017-08-15,2039.0,2039.0,2039.0,2049.0,60785,1.5
2017-08-16,2078.75,2078.75,2078.75,2094.25,27540,2.21
2017-08-17,2076.25,2076.25,2076.25,2076.25,18632,-0.86
2017-08-18,2052.88,2052.88,2051.13,2062.25,16175,-0.67
2017-08-21,2075.5,2075.5,2075.5,2080.25,12454,0.87
2017-08-22,2074.25,2074.25,2074.25,2074.25,20259,-0.29
2017-08-23,2094.25,2094.25,2094.25,2096.25,21048,1.06
2017-08-24,2086.25,2086.25,2086.25,2105.75,12108,0.45
2017-08-25,2056.75,2056.75,2056.75,2069.75,13809,-1.71
2017-08-29,2081.0,2081.0,2081.0,2094.25,19802,1.18
2017-08-30,2086.5,2086.5,2086.5,2086.5,19218,-0.37
2017-08-31,2114.0,2114.0,2114.0,2116.0,20748,1.41
2017-09-01,2134.5,2134.5,2134.5,2134.5,17612,0.87
2017-09-04,2117.0,2117.0,2117.0,2117.0,11449,-0.82
2017-09-05,2076.0,2076.0,2076.0,2093.0,53870,-1.13
2017-09-06,2098.0,2098.0,2098.0,2101.25,29306,0.39
2017-09-07,2103.25,2103.25,2103.25,2103.25,23806,0.1
2017-09-08,2072.75,2072.75,2072.75,2095.0,21671,-0.39
2017-09-11,2116.5,2116.5,2116.5,2116.5,33969,1.03
2017-09-12,2114.25,2114.25,2114.25,2130.5,35084,0.66
2017-09-13,2079.75,2079.75,2079.75,2102.5,43158,-1.31
2017-09-14,2073.0,2073.0,2073.0,2090.25,41069,-0.58
2017-09-15,2077.75,2077.75,2077.75,2077.75,43306,-0.6
2017-09-18,2079.75,2079.75,2079.75,2079.75,36901,0.1
2017-09-19,2106.25,2106.25,2106.25,2124.75,38953,2.16
2017-09-20,2106.25,2173.63,2101.0,2177.0,102623,2.46
2017-09-21,2136.75,2136.75,2136.75,2171.5,28988,-0.25
2017-09-22,2140.25,2140.25,2140.25,2158.75,21560,-0.59
2017-09-25,2133.5,2133.5,2133.5,2147.5,31561,-0.52
2017-09-26,2105.5,2107.75,2105.5,2124.25,164892,-1.08
2017-09-27,2105.5,2125.5,2101.25,2129.5,166903,0.25
2017-09-28,2115.25,2115.25,2110.0,2128.75,18576,-0.04
2017-09-29,2084.38,2084.38,2081.38,2099.5,28565,-1.37
2017-10-02,2083.5,2083.5,2083.5,2097.75,27702,-0.08
2017-10-03,2128.5,2128.5,2128.5,2127.75,27793,1.43
2017-10-04,2146.5,2146.5,2146.5,2163.0,22996,1.66
2017-10-05,2151.0,2151.0,2151.0,2168.5,27572,0.25
2017-10-06,2151.0,2151.0,2151.0,2151.0,29968,-0.81
2017-10-09,2151.5,2151.5,2151.5,2170.5,41419,0.91
2017-10-10,2142.25,2142.5,2142.25,2159.75,34284,-0.5
2017-10-11,2108.0,2108.0,2108.0,2126.75,43431,-1.53
2017-10-12,2126.25,2126.25,2126.25,2143.25,45877,0.78
2017-10-13,2114.25,2114.25,2110.0,2130.5,24609,-0.59
2017-10-16,2122.25,2122.25,2122.25,2130.25,31819,-0.01
2017-10-17,2126.5,2126.5,2126.5,2140.0,49999,0.46
2017-10-18,2121.5,2121.5,2121.5,2121.5,27608,-0.86
2017-10-19,2154.0,2154.0,2154.0,2154.0,21451,1.53
2017-10-20,2125.5,2125.5,2125.5,2136.5,16088,-0.81
2017-10-23,2137.0,2137.0,2137.0,2137.0,8958,0.02
2017-10-24,2149.75,2149.75,2144.0,2155.0,12196,0.84
2017-10-25,2178.75,2178.75,2178.75,2186.25,8461,1.45
2017-10-26,2180.25,2180.25,2180.25,2190.25,14052,0.18
2017-10-27,2155.5,2155.5,2155.5,2167.75,16045,-1.03
2017-10-30,2144.0,2149.75,2143.5,2161.75,14580,-0.28
2017-10-31,2150.63,2153.5,2149.63,2158.5,15733,-0.15
2017-11-01,2159.75,2164.0,2157.5,2183.75,22778,1.17
2017-11-02,2159.0,2162.25,2158.75,2171.5,24504,-0.56
2017-11-03,2169.63,2173.35,2169.6,2182.25,20739,0.5
2017-11-06,2153.5,2155.25,2152.0,2167.5,12774,-0.68
2017-11-07,2120.25,2121.5,2118.25,2127.75,32394,-1.83
2017-11-08,2088.13,2092.13,2086.38,2104.25,28202,-1.1
2017-11-09,2076.0,2078.75,2075.75,2088.0,36804,-0.77
2017-11-10,2089.75,2093.0,2089.5,2096.0,31516,0.38
2017-11-13,2102.5,2105.5,2097.0,2103.0,26254,0.33
2017-11-14,2078.13,2078.88,2070.38,2082.25,32401,-0.99
2017-11-15,2092.5,2094.25,2092.25,2106.25,11091,1.15
2017-11-16,2089.88,2099.88,2089.88,2102.5,8515,-0.18
2017-11-17,2098.25,2098.25,2096.25,2104.5,8439,0.1
2017-11-20,2074.25,2075.0,2073.25,2085.75,10715,-0.89
2017-11-21,2073.0,2076.75,2072.25,2082.0,36987,-0.18
2017-11-22,2091.5,2091.75,2089.25,2107.0,11337,1.2
2017-11-23,2103.75,2103.75,2098.5,2113.25,5017,0.3
2017-11-24,2119.0,2120.25,2118.0,2132.25,6861,0.9
2017-11-27,2124.0,2124.25,2120.5,2134.5,9232,0.11
2017-11-28,2084.75,2089.75,2084.75,2101.75,16141,-1.53
2017-11-29,2044.08,2054.5,2039.7,2067.0,18726,-1.65
2017-11-30,2031.75,2034.75,2029.5,2046.5,66378,-0.99
2017-12-01,2063.0,2063.0,2058.75,2072.75,21278,1.28
2017-12-04,2056.75,2057.5,2054.75,2066.5,18755,-0.3
2017-12-05,2040.25,2040.75,2037.25,2049.75,18612,-0.81
2017-12-06,2003.75,2008.25,2003.75,2016.75,21645,-1.61
2017-12-07,1996.75,2002.0,1996.75,2007.5,24878,-0.46
2017-12-08,1998.25,2000.75,1994.0,2007.75,15561,0.01
2017-12-11,2011.25,2011.25,2008.25,2018.25,24574,0.52
2017-12-12,1998.0,1998.25,1995.25,2012.5,29035,-0.28
2017-12-13,1995.25,1997.75,1993.75,2005.25,31793,-0.36
2017-12-14,2025.75,2028.25,2025.0,2045.75,20621,2.02
2017-12-15,2025.75,2057.75,2020.5,2062.5,24935,0.82
2017-12-18,2062.38,2063.63,2061.88,2069.75,17384,0.35
2017-12-19,2090.0,2091.25,2088.75,2099.5,54827,1.44
2017-12-20,2109.25,2110.5,2108.75,2122.25,21009,1.08
2017-12-21,2137.0,2137.75,2135.0,2148.0,67302,1.21
2017-12-22,2180.75,2181.5,2168.25,2194.0,36783,2.14
2017-12-27,2235.75,2245.0,2235.75,2256.0,46090,2.83
2017-12-28,2272.0,2272.0,2267.0,2288.0,44789,1.42
2017-12-29,2270.5,2271.75,2267.75,2271.5,41017,-0.72
2018-01-02,2253.5,2258.0,2253.5,2267.0,50518,-0.2
2018-01-03,2220.0,2222.25,2217.25,2228.5,41071,-1.7
2018-01-04,2236.25,2236.25,2231.25,2250.0,35897,0.96
2018-01-05,2189.5,2192.25,2189.25,2201.75,31433,-2.14
2018-01-08,2160.75,2162.5,2160.75,2173.0,50212,-1.31
2018-01-09,2141.75,2145.75,2138.5,2149.5,47912,-1.08
2018-01-10,2169.5,2171.75,2168.5,2179.0,68324,1.37
2018-01-11,2172.0,2174.0,2171.25,2172.25,53767,-0.31
2018-01-12,2211.25,2214.5,2208.5,2210.75,59945,1.77
2018-01-15,2220.0,2223.75,2219.0,2223.75,30332,0.59
2018-01-16,2192.25,2193.5,2191.5,2188.5,13536,-1.59
2018-01-17,2199.25,2200.75,2192.75,2191.5,11613,0.14
2018-01-18,2250.0,2253.25,2247.75,2241.0,75757,2.26
2018-01-19,2222.75,2223.5,2220.25,2220.5,17461,-0.91
2018-01-22,2248.75,2251.25,2247.75,2249.0,8745,1.28
2018-01-23,2225.0,2227.75,2225.0,2229.75,11220,-0.86
2018-01-24,2247.5,2248.75,2247.25,2250.25,14007,0.92
2018-01-25,2234.5,2237.75,2233.75,2241.0,10376,-0.41
2018-01-26,2234.5,2266.0,2226.0,2257.0,12584,0.71
2018-01-29,2228.75,2230.5,2228.25,2223.75,12633,-1.47
2018-01-30,2218.0,2225.75,2216.5,2206.0,16924,-0.8
2018-01-31,2212.5,2214.25,2209.75,2218.5,35620,0.57
2018-02-01,2235.5,2238.25,2234.25,2223.75,13481,0.24
2018-02-02,2215.75,2217.25,2215.75,2208.5,19792,-0.69
2018-02-05,2211.0,2213.0,2207.25,2209.0,22194,0.02
2018-02-06,2173.25,2174.5,2172.0,2167.0,26596,-1.9
2018-02-07,2165.25,2168.25,2163.0,2156.0,27174,-0.51
2018-02-08,2179.75,2180.5,2176.25,2169.0,32190,0.6
2018-02-09,2134.75,2135.75,2130.25,2122.0,33793,-2.17
2018-02-12,2124.25,2152.75,2119.25,2124.0,33257,0.09
2018-02-13,2140.25,2140.5,2137.5,2136.0,30577,0.56
2018-02-14,2184.5,2184.5,2179.0,2174.75,33810,1.81
2018-02-15,2162.0,2162.0,2152.25,2161.75,20365,-0.6
2018-02-16,2204.25,2206.75,2195.5,2207.0,34062,2.09
2018-02-19,2206.25,2210.5,2199.25,2214.5,24241,0.34
2018-02-20,2184.0,2186.0,2183.25,2186.0,16970,-1.29
2018-02-21,2206.5,2208.75,2200.0,2202.0,15650,0.73
2018-02-22,2187.0,2188.0,2181.25,2185.5,9355,-0.75
2018-02-23,2144.5,2145.25,2143.25,2140.0,15499,-2.08
2018-02-26,2133.0,2134.5,2132.25,2137.75,9295,-0.11
2018-02-27,2139.63,2142.25,2139.38,2146.5,15654,0.41
2018-02-28,2126.5,2127.5,2121.0,2131.5,33472,-0.7
2018-03-01,2153.0,2153.0,2144.25,2146.5,20205,0.7
2018-03-02,2147.5,2148.0,2145.0,2148.0,22078,0.07
2018-03-05,2137.63,2142.75,2135.25,2143.75,21067,-0.2
2018-03-06,2131.0,2135.0,2130.75,2143.5,16316,-0.01
2018-03-07,2093.0,2093.25,2085.75,2092.25,44739,-2.39
2018-03-08,2094.0,2094.5,2091.0,2101.25,36478,0.43
2018-03-09,2104.88,2106.5,2102.63,2115.25,30590,0.67
2018-03-12,2079.25,2079.75,2075.25,2085.25,31281,-1.42
2018-03-13,2097.75,2097.75,2097.75,2097.75,23983,0.6
2018-03-14,2073.25,2073.75,2070.0,2083.75,23100,-0.67
2018-03-15,2068.5,2069.75,2065.75,2078.75,27685,-0.24
2018-03-16,2066.25,2066.25,2061.75,2079.5,8205,0.04
2018-03-19,2077.38,2079.63,2075.13,2082.5,28962,0.14
2018-03-20,2067.88,2069.13,2065.13,2076.0,85931,-0.31
2018-03-21,2067.88,2080.5,2050.25,2081.5,39411,0.26
2018-03-22,2057.75,2061.25,2057.25,2075.0,27564,-0.31
2018-03-23,2039.75,2040.75,2039.0,2050.75,25068,-1.17
2018-03-26,2034.5,2034.5,2034.5,2051.25,29096,0.02
2018-03-27,2028.5,2028.5,2028.5,2043.5,34614,-0.38
2018-03-28,2016.25,2016.25,2016.25,2025.5,36010,-0.88
2018-03-29,1990.25,1990.25,1990.25,2003.25,58886,-1.1
2018-04-03,1983.0,1983.0,1983.0,1976.25,49002,-1.35
2018-04-04,1975.25,1975.25,1975.25,1987.75,48825,0.58
2018-04-05,1991.75,1991.75,1991.75,2005.25,41508,0.88
2018-04-06,2036.5,2036.5,2036.5,2040.0,52217,1.73
2018-04-09,2117.75,2117.75,2117.75,2143.0,121894,5.05
2018-04-10,2225.0,2225.0,2225.0,2205.25,95628,2.9
2018-04-11,2255.25,2255.25,2255.25,2255.0,88654,2.26
2018-04-12,2289.75,2332.25,2289.75,2341.0,87734,3.81
2018-04-13,2331.25,2331.25,2331.25,2291.0,96318,-2.14
2018-04-16,2389.75,2389.75,2389.75,2408.0,54649,5.11
2018-04-17,2420.0,2420.0,2410.0,2404.75,39390,-0.13
2018-04-18,2556.0,2556.0,2556.0,2537.0,152040,5.5
2018-04-19,2489.75,2489.75,2489.75,2490.5,65161,-1.83
2018-04-20,2491.5,2491.5,2491.5,2475.5,39817,-0.6
2018-04-23,2296.0,2296.0,2296.0,2298.0,35650,-7.17
2018-04-24,2211.25,2211.25,2211.25,2230.0,54341,-2.96
2018-04-25,2230.5,2242.75,2230.5,2248.5,33521,0.83
2018-04-26,2279.5,2279.5,2279.5,2280.5,30868,1.42
2018-04-27,2276.25,2300.5,2210.25,2228.0,31015,-2.3
2018-04-30,2263.5,2263.5,2263.5,2261.5,26875,1.5
2018-05-01,2251.75,2251.75,2251.75,2269.0,26773,0.33
2018-05-02,2325.0,2328.25,2325.0,2333.5,44311,2.84
2018-05-03,2280.0,2280.0,2280.0,2283.0,35361,-2.16
2018-05-04,2350.25,2350.25,2350.25,2380.0,38673,4.25
2018-05-08,2374.75,2374.75,2374.75,2391.5,52188,0.48
2018-05-09,2381.0,2381.0,2381.0,2386.0,69661,-0.23
2018-05-10,2331.25,2331.25,2331.25,2347.0,47603,-1.63
2018-05-11,2270.0,2270.0,2270.0,2298.5,50153,-2.07
2018-05-14,2318.75,2322.0,2318.75,2335.5,26098,1.61
2018-05-15,2332.0,2332.0,2332.0,2327.0,57123,-0.36
2018-05-16,2326.5,2326.5,2326.5,2317.0,42108,-0.43
2018-05-17,2323.25,2323.25,2323.25,2294.0,19375,-0.99
2018-05-18,2280.25,2280.25,2280.25,2270.5,31647,-1.02
2018-05-21,2288.25,2288.25,2288.25,2279.5,29948,0.4
2018-05-22,2273.75,2280.25,2273.75,2268.75,13701,-0.47
2018-05-23,2274.5,2274.5,2274.5,2269.0,31834,0.01
2018-05-24,2303.25,2303.25,2303.25,2280.5,21858,0.51
2018-05-25,2278.0,2278.0,2275.25,2261.5,12278,-0.83
2018-05-29,2274.25,2279.25,2274.25,2272.75,16054,0.5
2018-05-30,2272.25,2272.25,2272.25,2267.5,15143,-0.23
2018-05-31,2298.25,2298.25,2298.25,2289.5,21207,0.97
2018-06-01,2304.5,2304.5,2304.5,2302.5,12690,0.57
2018-06-04,2319.75,2319.75,2319.75,2313.0,21142,0.46
2018-06-05,2330.0,2330.0,2330.0,2309.5,21515,-0.15
2018-06-06,2341.25,2341.25,2341.25,2343.0,17741,1.45
2018-06-07,2287.5,2318.5,2287.5,2309.75,24673,-1.42
2018-06-08,2308.75,2308.75,2308.75,2297.5,28908,-0.53
2018-06-11,2312.0,2312.0,2312.0,2299.5,39520,0.09
2018-06-12,2301.0,2301.0,2301.0,2301.0,22802,0.07
2018-06-13,2284.0,2284.0,2284.0,2273.75,40399,-1.18
2018-06-14,2263.0,2263.0,2263.0,2254.25,27670,-0.86
2018-06-15,2219.5,2219.5,2219.5,2201.5,19556,-2.34
2018-06-18,2248.0,2248.0,2248.0,2216.25,25185,0.67
2018-06-19,2196.25,2196.25,2196.25,2171.0,68752,-2.04
2018-06-20,2186.5,2186.5,2186.5,2166.75,33785,-0.2
2018-06-21,2205.0,2205.0,2205.0,2180.0,57986,0.61
2018-06-22,2192.5,2192.5,2192.5,2176.0,29858,-0.18
2018-06-25,2168.75,2168.75,2168.75,2155.5,20790,-0.94
2018-06-26,2211.25,2211.25,2211.25,2157.25,19452,0.08
2018-06-27,2187.5,2187.5,2187.5,2175.5,25467,0.85
2018-06-28,2175.0,2175.0,2175.0,2154.0,19435,-0.99
2018-06-29,2175.0,2194.5,2155.75,2131.75,27211,-1.03
2018-07-02,2130.0,2130.0,2130.0,2096.0,47046,-1.68
2018-07-03,2105.5,2105.5,2105.5,2077.0,41844,-0.91
2018-07-04,2126.25,2126.25,2126.25,2085.5,13402,0.41
2018-07-05,2108.25,2108.25,2108.25,2076.5,28510,-0.43
2018-07-06,2112.0,2112.0,2112.0,2076.25,31263,-0.01
2018-07-09,2135.0,2151.75,2135.0,2116.0,47379,1.91
2018-07-10,2115.75,2115.75,2115.75,2084.5,56233,-1.49
2018-07-11,2089.5,2089.5,2089.5,2054.0,57320,-1.46
2018-07-12,2081.25,2081.25,2081.25,2035.25,48901,-0.91
2018-07-13,2088.5,2088.5,2088.5,2024.25,46294,-0.54
2018-07-16,2039.5,2039.5,2039.5,2048.25,47353,1.19
2018-07-17,2017.0,2017.0,2017.0,2032.0,74670,-0.79
2018-07-18,2020.75,2020.75,2011.25,2027.25,26597,-0.23
2018-07-19,1990.25,1990.25,1990.25,2001.25,27556,-1.28
2018-07-20,2029.25,2029.25,2029.25,2029.75,20395,1.42
2018-07-23,2061.25,2061.25,2061.25,2069.5,29267,1.96
2018-07-24,2069.25,2069.25,2069.25,2085.0,28324,0.75
2018-07-25,2049.25,2049.25,2049.25,2062.25,19438,-1.09
2018-07-26,2051.25,2051.25,2051.25,2067.0,14596,0.23
2018-07-27,2040.0,2040.0,2040.0,2070.5,12950,0.17
2018-07-30,2065.75,2081.25,2058.5,2092.75,18151,1.07
2018-07-31,2066.25,2080.5,2066.25,2079.5,19726,-0.63
2018-08-01,2040.75,2067.25,2038.5,2050.0,23485,-1.42
2018-08-02,2022.25,2022.25,2019.63,2032.75,29401,-0.84
2018-08-03,2008.5,2021.5,2007.5,2024.5,14010,-0.41
2018-08-06,2028.75,2028.75,2022.35,2039.0,21045,0.72
2018-08-07,2014.5,2020.5,2014.5,2034.5,26059,-0.22
2018-08-08,2084.75,2091.13,2017.25,2105.0,38384,3.47
2018-08-09,2053.0,2087.75,2053.0,2079.0,40370,-1.24
2018-08-10,2066.0,2089.25,2062.25,2105.0,35363,1.25
2018-08-13,2083.25,2106.0,2080.84,2083.5,50969,-1.02
2018-08-14,2069.25,2082.5,2062.95,2071.0,26842,-0.6
2018-08-15,2019.25,2064.0,2017.36,2025.5,17313,-2.2
2018-08-16,2039.0,2039.0,2015.5,2048.0,16358,1.11
2018-08-17,2023.75,2038.0,2020.25,2029.25,14902,-0.92
2018-08-20,2046.5,2046.5,2018.25,2054.75,8832,1.26
2018-08-21,2052.5,2052.75,2042.0,2054.5,51898,-0.01
2018-08-22,2051.75,2052.25,2041.5,2065.5,26615,0.54
2018-08-23,2058.5,2061.5,2052.0,2076.0,8415,0.51
2018-08-24,2073.25,2082.85,2061.75,2096.25,13069,0.98
2018-08-28,2118.63,2119.13,2080.38,2134.0,14793,1.8
2018-08-29,2144.0,2157.25,2119.0,2172.5,25297,1.8
2018-08-30,2114.75,2156.75,2112.25,2132.5,17715,-1.84
2018-08-31,2104.0,2118.25,2104.0,2125.0,29827,-0.35
2018-09-03,2104.5,2109.5,2070.5,2095.5,16242,-1.39
2018-09-04,2041.75,2076.25,2040.88,2060.25,20767,-1.68
2018-09-05,2039.0,2051.15,2039.0,2065.75,25850,0.27
2018-09-06,2021.75,2044.25,2015.25,2035.5,27460,-1.46
2018-09-07,2030.25,2038.0,2008.0,2065.5,24258,1.47
2018-09-10,2045.5,2061.0,2036.25,2090.0,33845,1.19
2018-09-11,2013.75,2060.25,2009.0,2038.5,21601,-2.46
2018-09-12,2019.75,2028.5,2008.5,2057.75,45506,0.94
2018-09-13,2010.0,2030.88,2010.0,2058.25,34495,0.02
2018-09-14,1999.0,2029.0,1999.0,2036.75,34011,-1.04
2018-09-17,2015.0,2022.75,2012.0,2025.25,22166,-0.56
2018-09-18,2015.0,2036.75,2003.25,2034.75,47942,0.47
2018-09-19,2005.75,2012.5,2000.62,2026.0,93887,-0.43
2018-09-20,2037.5,2037.5,2007.5,2048.0,77733,1.09
2018-09-21,2063.0,2071.5,2023.5,2100.5,35860,2.56
2018-09-24,2028.25,2074.5,2028.25,2070.0,43842,-1.45
2018-09-25,2046.5,2049.59,2041.5,2080.75,39167,0.52
2018-09-26,2038.25,2054.5,2038.25,2077.5,37188,-0.16
2018-09-27,2014.75,2053.75,2014.75,2041.5,26605,-1.73
2018-09-28,2042.0,2051.75,2020.0,2075.5,44564,1.67
2018-10-01,2075.5,2077.75,2056.0,2099.5,31465,1.16
2018-10-02,2105.25,2113.34,2079.0,2131.0,50526,1.5
2018-10-03,2105.25,2242.0,2079.0,2222.5,67713,4.29
2018-10-04,2171.0,2205.0,2159.57,2187.0,49167,-1.6
2018-10-05,2131.75,2171.5,2111.25,2145.5,85564,-1.9
2018-10-08,2069.0,2132.0,2058.5,2082.5,56881,-2.94
2018-10-09,2053.75,2067.5,2053.75,2070.5,83958,-0.58
2018-10-10,2035.5,2053.0,2035.5,2062.0,48343,-0.41
2018-10-11,2020.5,2044.0,2017.25,2034.0,56260,-1.36
2018-10-12,2025.5,2040.43,2014.5,2054.5,27178,1.01
2018-10-15,2043.5,2057.25,2030.25,2041.0,36795,-0.66
2018-10-16,2041.5,2041.5,2031.0,2034.0,76779,-0.34
2018-10-17,2030.25,2039.0,2024.75,2022.5,36952,-0.57
2018-10-18,2017.25,2030.75,2016.83,2013.5,20429,-0.44
2018-10-19,2017.25,2035.25,2007.5,2003.5,43521,-0.5
2018-10-22,2014.75,2021.63,2010.5,2006.5,16559,0.15
2018-10-23,2009.0,2009.0,2004.25,1999.25,34297,-0.36
2018-10-24,1999.25,2000.0,1992.5,1994.5,19613,-0.24
2018-10-25,1985.5,1994.97,1985.5,1990.0,22269,-0.23
2018-10-26,1989.75,1989.75,1979.11,1994.75,21157,0.24
2018-10-29,1976.5,1994.25,1974.5,1979.25,16656,-0.78
2018-10-30,1975.75,1975.75,1957.5,1961.5,32345,-0.9
2018-10-31,1948.25,1964.51,1897.5,1948.5,36607,-0.66
2018-11-01,1964.25,1975.3,1947.0,1961.5,36633,0.67
2018-11-02,1969.75,1979.46,1958.25,1969.5,34343,0.41
2018-11-05,1968.25,1970.74,1963.01,1969.0,32258,-0.03
2018-11-06,1940.75,1964.0,1939.25,1945.25,28943,-1.21
2018-11-07,1980.5,1982.5,1942.0,1980.25,40159,1.8
2018-11-08,1980.5,1994.25,1942.0,1985.0,48403,0.24
2018-11-09,1949.0,1984.5,1948.75,1948.5,36156,-1.84
2018-11-12,1937.0,1949.75,1933.0,1934.0,38832,-0.74
2018-11-13,1929.13,1937.38,1927.38,1926.5,50867,-0.39
2018-11-14,1932.0,1933.75,1926.0,1933.25,31047,0.35
2018-11-15,1923.0,1929.5,1915.25,1917.5,53698,-0.81
2018-11-16,1926.75,1927.25,1908.5,1928.0,37695,0.55
2018-11-19,1926.5,1937.0,1925.75,1921.0,47334,-0.36
2018-11-20,1941.5,1944.0,1932.5,1940.0,54818,0.99
2018-11-21,1960.25,1961.0,1944.25,1954.5,28689,0.75
2018-11-22,1955.75,1958.25,1953.0,1947.5,10901,-0.36
2018-11-23,1948.25,1952.5,1940.25,1949.25,18308,0.09
2018-11-26,1949.75,1954.0,1941.5,1950.0,11433,0.04
2018-11-27,1922.75,1952.25,1921.75,1928.5,16413,-1.1
2018-11-28,1937.0,1939.75,1927.9,1930.25,18839,0.09
2018-11-29,1936.75,1945.75,1936.75,1938.75,20313,0.44
2018-11-30,1962.25,1965.0,1945.72,1957.25,22398,0.95
2018-12-03,1981.25,1990.9,1966.75,1972.25,26317,0.77
2018-12-04,1976.25,1987.86,1971.0,1972.0,27407,-0.01
2018-12-05,1979.25,1981.5,1975.75,1967.25,16313,-0.24
2018-12-06,1949.0,1978.5,1945.75,1933.5,16472,-1.72
2018-12-07,1969.75,1972.18,1943.0,1950.0,39013,0.85
2018-12-10,1933.75,1956.5,1933.75,1930.5,37521,-1.0
2018-12-11,1933.5,1952.9,1928.5,1931.25,53732,0.04
2018-12-12,1927.0,1931.63,1926.25,1931.0,25483,-0.01
2018-12-13,1921.25,1925.25,1915.0,1922.75,29090,-0.43
2018-12-14,1908.5,1915.33,1906.18,1916.0,12817,-0.35
2018-12-17,1914.13,1918.0,1902.25,1932.25,32710,0.85
2018-12-18,1901.38,1917.38,1900.63,1923.75,49686,-0.44
2018-12-19,1889.25,1905.81,1881.5,1926.25,45293,0.13
2018-12-20,1891.0,1903.5,1887.63,1912.0,82082,-0.74
2018-12-21,1885.0,1891.9,1883.5,1911.25,37297,-0.04
2018-12-24,1860.75,1885.75,1858.75,1895.5,14549,-0.82
2018-12-27,1834.75,1869.75,1831.5,1853.5,37214,-2.22
2018-12-28,1846.5,1846.5,1846.5,1846.5,27760,-0.38
2018-12-31,1827.75,1830.5,1816.75,1848.0,25435,0.08
2019-01-02,1777.75,1822.75,1764.0,1799.0,45737,-2.65
2019-01-03,1822.5,1825.0,1773.0,1842.5,44783,2.42
2019-01-04,1855.5,1858.25,1817.5,1874.75,58062,1.75
2019-01-07,1859.5,1864.0,1850.25,1886.25,43789,0.61
2019-01-08,1842.25,1860.25,1840.5,1870.5,57396,-0.83
2019-01-09,1830.75,1847.4,1826.0,1858.5,67260,-0.64
2019-01-10,1835.0,1839.25,1829.75,1866.0,102796,0.4
2019-01-11,1818.75,1840.75,1812.0,1839.0,78378,-1.45
2019-01-14,1820.25,1825.25,1814.22,1828.25,121032,-0.58
2019-01-15,1845.75,1847.5,1818.0,1844.25,32935,0.88
2019-01-16,1854.0,1868.46,1836.0,1858.25,46522,0.76
2019-01-17,1851.13,1856.13,1828.38,1858.0,75550,-0.01
2019-01-18,1865.0,1866.5,1853.25,1871.5,42617,0.73
2019-01-21,1846.25,1867.75,1845.25,1851.5,17809,-1.07
2019-01-22,1892.5,1894.75,1850.5,1882.5,17195,1.67
2019-01-23,1898.0,1910.55,1883.5,1908.5,40735,1.38
2019-01-24,1886.0,1907.25,1869.0,1888.75,25162,-1.03
2019-01-25,1907.0,1914.5,1884.75,1918.0,18396,1.55
2019-01-28,1864.25,1912.75,1857.75,1863.5,23864,-2.84
2019-01-29,1887.0,1888.0,1856.5,1888.0,18063,1.31
2019-01-30,1894.0,1900.0,1882.25,1905.25,19558,0.91
2019-01-31,1900.75,1906.0,1897.25,1906.0,25191,0.04
2019-02-01,1867.25,1901.0,1864.75,1878.0,27570,-1.47
2019-02-04,1900.5,1905.0,1867.25,1915.0,31401,1.97
2019-02-05,1912.88,1914.38,1903.5,1917.25,52010,0.12
2019-02-06,1912.88,1919.5,1886.25,1901.0,27717,-0.85
2019-02-07,1874.38,1890.0,1873.63,1887.5,38844,-0.71
2019-02-08,1891.5,1907.25,1876.25,1874.25,30752,-0.7
2019-02-11,1859.75,1863.25,1846.54,1872.25,39440,-0.11
2019-02-12,1831.38,1860.75,1831.13,1851.0,44507,-1.13
2019-02-13,1836.5,1848.91,1834.5,1849.5,43094,-0.08
2019-02-14,1827.25,1836.5,1823.25,1839.25,40515,-0.55
2019-02-15,1830.25,1834.88,1820.25,1848.0,67334,0.48
2019-02-18,1837.25,1843.25,1834.25,1846.0,30657,-0.11
2019-02-19,1841.25,1847.5,1836.74,1856.25,26157,0.56
2019-02-20,1858.5,1859.75,1840.0,1868.0,22316,0.63
2019-02-21,1895.25,1895.75,1855.0,1904.5,28704,1.95
2019-02-22,1899.0,1905.93,1892.25,1912.0,32225,0.39
2019-02-25,1889.25,1899.0,1885.25,1904.5,24687,-0.39
2019-02-26,1896.25,1899.25,1880.99,1908.5,30361,0.21
2019-02-27,1905.25,1912.0,1893.75,1919.5,16967,0.58
2019-02-28,1891.0,1905.25,1888.5,1908.5,25123,-0.57
2019-03-01,1893.0,1902.0,1887.88,1915.25,45071,0.35
2019-03-04,1850.25,1900.75,1848.25,1870.5,43079,-2.34
2019-03-05,1851.0,1857.67,1849.5,1868.75,37382,-0.09
2019-03-06,1838.5,1851.75,1836.75,1860.5,29903,-0.44
2019-03-07,1836.5,1842.75,1836.25,1858.5,32758,-0.11
2019-03-08,1840.5,1847.5,1839.5,1866.5,30402,0.43
2019-03-11,1825.0,1845.75,1819.75,1839.0,44247,-1.47
2019-03-12,1854.0,1855.25,1819.75,1865.75,69624,1.45
2019-03-13,1883.75,1885.5,1850.0,1897.5,35279,1.7
2019-03-14,1884.75,1884.75,1880.15,1895.25,28289,-0.12
2019-03-15,1875.75,1878.25,1868.65,1889.5,26174,-0.3
2019-03-18,1916.0,1918.5,1886.75,1912.75,45609,1.23
2019-03-19,1929.5,1936.0,1908.63,1946.0,94036,1.74
2019-03-20,1922.0,1935.96,1921.0,1938.0,32400,-0.41
2019-03-21,1890.5,1926.0,1888.25,1900.0,41867,-1.96
2019-03-22,1887.75,1889.0,1880.78,1903.25,44369,0.17
2019-03-25,1871.25,1888.0,1868.25,1881.0,48453,-1.17
2019-03-26,1882.25,1886.5,1864.98,1886.5,41367,0.29
2019-03-27,1895.75,1904.8,1875.75,1909.5,28909,1.22
2019-03-28,1896.0,1902.5,1894.5,1901.75,33943,-0.41
2019-03-29,1904.75,1911.58,1893.75,1911.0,47943,0.49
2019-04-01,1880.5,1908.01,1880.5,1896.0,47247,-0.78
2019-04-02,1867.25,1883.0,1867.25,1885.0,37651,-0.58
2019-04-03,1876.25,1877.25,1869.5,1891.25,43977,0.33
2019-04-04,1876.25,1891.25,1869.5,1890.0,36293,-0.07
2019-04-05,1908.0,1914.75,1880.25,1884.5,61565,-0.29
2019-04-08,1849.75,1869.25,1849.75,1864.0,124983,-1.09
2019-04-09,1855.5,1856.0,1848.25,1871.0,111783,0.38
2019-04-10,1855.5,1861.75,1838.25,1857.5,46357,-0.72
2019-04-11,1837.25,1842.0,1837.25,1853.75,52704,-0.2
2019-04-12,1845.0,1845.0,1839.28,1856.5,41039,0.15
2019-04-15,1845.0,1846.0,1844.5,1858.0,41132,0.08
2019-04-16,1835.25,1845.0,1834.13,1855.75,32308,-0.12
2019-04-17,1834.25,1849.18,1832.5,1850.0,90318,-0.31
2019-04-18,1851.25,1851.25,1832.75,1867.5,32756,0.95
2019-04-23,1848.75,1859.08,1848.75,1864.5,36168,-0.16
2019-04-24,1853.75,1854.5,1847.5,1870.75,27137,0.34
2019-04-25,1839.5,1854.0,1838.25,1855.75,18901,-0.8
2019-04-26,1828.5,1839.0,1818.75,1835.5,26901,-1.09
2019-04-29,1808.25,1818.0,1808.25,1825.0,31124,-0.57
2019-04-30,1782.5,1803.75,1773.0,1793.0,55906,-1.75
2019-05-01,1800.25,1800.25,1773.0,1810.75,34234,0.99
2019-05-02,1800.25,1818.25,1773.0,1810.5,33887,-0.01
2019-05-03,1790.5,1790.5,1769.75,1789.5,51459,-1.16
2019-05-07,1792.25,1792.25,1769.5,1808.75,67239,1.08
2019-05-08,1770.5,1788.5,1770.0,1789.25,53234,-1.08
2019-05-09,1770.5,1772.71,1768.0,1791.0,39911,0.1
2019-05-10,1785.5,1785.5,1768.75,1800.25,36682,0.52
2019-05-13,1796.0,1796.0,1787.6,1800.0,68316,-0.01
2019-05-14,1821.0,1826.25,1790.5,1845.25,19419,2.51
2019-05-15,1833.25,1837.25,1819.74,1856.0,16734,0.58
2019-05-16,1833.25,1853.25,1819.74,1860.5,18483,0.24
2019-05-17,1833.25,1855.25,1809.25,1837.5,17087,-1.24
2019-05-20,1771.25,1819.0,1771.25,1797.25,13487,-2.19
2019-05-21,1775.75,1779.25,1773.83,1796.0,66219,-0.07
2019-05-22,1757.75,1775.25,1757.75,1779.25,25130,-0.93
2019-05-23,1776.25,1776.25,1757.5,1797.5,17958,1.03
2019-05-24,1781.0,1781.75,1776.25,1800.25,11499,0.15
2019-05-28,1783.75,1787.0,1780.0,1806.25,14000,0.33
2019-05-29,1776.0,1786.5,1773.93,1793.75,16407,-0.69
2019-05-30,1761.25,1774.25,1761.13,1780.75,27609,-0.72
2019-05-31,1776.0,1783.4,1763.5,1793.25,40298,0.7
2019-06-03,1754.5,1775.0,1754.5,1774.0,42097,-1.07
2019-06-04,1766.75,1766.75,1757.75,1782.5,44349,0.48
2019-06-05,1746.75,1766.25,1746.75,1766.75,25078,-0.88
2019-06-06,1749.5,1751.25,1745.75,1770.75,28850,0.23
2019-06-07,1734.75,1750.75,1734.75,1758.25,32557,-0.71
2019-06-10,1751.0,1751.0,1737.5,1768.5,40315,0.58
2019-06-11,1751.75,1756.1,1749.25,1771.75,44815,0.18
2019-06-12,1751.75,1766.0,1742.75,1782.75,38142,0.62
2019-06-13,1758.75,1762.25,1751.0,1779.0,43079,-0.21
2019-06-14,1728.75,1757.0,1728.75,1756.5,26232,-1.26
2019-06-17,1739.0,1745.5,1733.0,1749.25,34016,-0.41
2019-06-18,1760.25,1762.5,1739.75,1781.0,76206,1.82
2019-06-19,1759.5,1769.18,1759.5,1786.25,42128,0.29
2019-06-20,1764.75,1767.0,1763.75,1783.25,40596,-0.17
2019-06-21,1751.5,1751.5,1749.75,1769.0,38128,-0.8
2019-06-24,1750.75,1784.75,1749.5,1794.0,32409,1.41
2019-06-25,1796.0,1796.0,1776.0,1815.25,34079,1.18
2019-06-26,1796.0,1814.25,1776.0,1821.0,29804,0.32
2019-06-27,1779.63,1802.38,1772.88,1790.25,37002,-1.69
2019-06-28,1775.88,1782.88,1772.38,1800.25,48102,0.56
2019-07-01,1774.5,1782.25,1774.5,1792.75,31267,-0.42
2019-07-02,1760.5,1775.0,1760.5,1779.75,42962,-0.73
2019-07-03,1770.0,1770.0,1761.75,1787.5,28675,0.44
2019-07-04,1789.75,1789.75,1780.85,1804.5,12016,0.95
2019-07-05,1784.25,1787.75,1784.0,1800.5,49562,-0.22
2019-07-08,1789.5,1793.38,1787.0,1806.25,41633,0.32
2019-07-09,1803.0,1804.75,1792.5,1820.0,88070,0.76
2019-07-10,1839.0,1839.25,1809.5,1848.5,71255,1.57
2019-07-11,1807.0,1835.5,1807.0,1823.5,67764,-1.35
2019-07-12,1809.0,1809.0,1802.5,1818.25,45457,-0.29
2019-07-15,1834.0,1834.0,1813.25,1839.75,58117,1.18
2019-07-16,1835.25,1842.0,1834.25,1850.0,69030,0.56
2019-07-17,1839.75,1842.5,1833.26,1848.0,30084,-0.11
2019-07-18,1842.5,1846.0,1839.0,1855.0,17747,0.38
2019-07-19,1842.5,1855.25,1834.5,1848.75,16936,-0.34
2019-07-22,1797.0,1831.0,1797.0,1815.25,23707,-1.81
2019-07-23,1805.0,1805.0,1799.75,1814.75,19244,-0.03
2019-07-24,1808.25,1809.0,1798.75,1824.25,16398,0.52
2019-07-25,1808.5,1808.5,1808.0,1824.25,12796,0.0
2019-07-26,1784.25,1808.25,1783.89,1801.0,31997,-1.27
2019-07-29,1790.0,1801.0,1780.25,1808.75,14049,0.43
2019-07-30,1788.0,1788.58,1788.0,1800.25,17395,-0.47
2019-07-31,1788.0,1799.0,1780.25,1795.75,14687,-0.25
2019-08-01,1759.5,1782.25,1759.5,1776.25,35972,-1.09
2019-08-02,1756.0,1762.5,1752.75,1765.0,33790,-0.63
2019-08-05,1746.25,1750.5,1743.13,1757.0,49210,-0.45
2019-08-06,1743.0,1746.82,1739.5,1752.0,86495,-0.28
2019-08-07,1739.5,1739.5,1734.78,1736.75,77566,-0.87
2019-08-08,1756.0,1756.25,1722.75,1769.75,35970,1.9
2019-08-09,1751.25,1754.75,1747.25,1762.5,39181,-0.41
2019-08-12,1745.75,1749.16,1745.75,1760.75,39937,-0.1
2019-08-13,1745.75,1764.88,1734.25,1775.75,48504,0.85
2019-08-14,1758.0,1758.0,1748.0,1765.75,55555,-0.56
2019-08-15,1756.25,1756.25,1746.75,1772.25,15619,0.37
2019-08-16,1761.5,1761.88,1751.75,1782.0,19349,0.55
2019-08-19,1760.0,1789.5,1760.0,1784.75,45146,0.15
2019-08-20,1764.75,1776.75,1764.5,1782.0,61937,-0.15
2019-08-21,1764.75,1776.75,1758.0,1780.0,57968,-0.11
2019-08-22,1751.75,1763.25,1747.0,1766.5,40667,-0.76
2019-08-23,1752.75,1753.75,1750.0,1770.5,16354,0.23
2019-08-27,1742.5,1754.25,1742.5,1760.75,18643,-0.55
2019-08-28,1730.25,1742.75,1728.0,1744.75,38075,-0.91
2019-08-29,1733.25,1733.25,1724.88,1751.25,17246,0.37
2019-08-30,1731.25,1732.05,1730.55,1751.0,34004,-0.01
2019-09-02,1729.25,1732.5,1728.5,1746.75,16803,-0.24
2019-09-03,1734.25,1734.25,1727.58,1750.5,49816,0.21
2019-09-04,1749.5,1754.25,1732.25,1772.5,63493,1.26
2019-09-05,1762.75,1767.43,1754.0,1781.5,70345,0.51
2019-09-06,1762.5,1770.25,1762.0,1788.5,48937,0.39
2019-09-09,1778.75,1778.75,1769.25,1797.0,87170,0.48
2019-09-10,1798.5,1799.93,1777.75,1818.5,89951,1.2
2019-09-11,1796.0,1805.45,1794.75,1822.5,84864,0.22
2019-09-12,1768.75,1800.0,1768.75,1799.25,75107,-1.28
2019-09-13,1782.25,1782.25,1772.5,1804.75,75013,0.31
2019-09-16,1769.0,1791.25,1768.75,1788.0,47229,-0.93
2019-09-17,1769.0,1793.25,1759.75,1792.0,47790,0.22
2019-09-18,1774.5,1776.87,1767.75,1785.5,90208,-0.36
2019-09-19,1781.5,1781.5,1767.25,1806.0,41927,1.15
2019-09-20,1775.25,1788.0,1775.25,1803.0,23370,-0.17
2019-09-23,1784.0,1788.0,1778.0,1785.0,206206,-1.0
2019-09-24,1778.0,1776.0,1762.5,1762.5,304950,-1.26
2019-09-25,1757.0,1758.0,1752.0,1752.0,374010,-0.6
2019-09-26,1747.0,1743.0,1737.5,1737.0,278420,-0.86
2019-09-27,1735.0,1737.0,1728.0,1735.0,298276,-0.12
2019-09-30,1728.0,1727.5,1721.5,1721.5,290363,-0.78
2019-10-01,1719.0,1740.0,1719.0,1740.0,473946,1.07
2019-10-02,1723.0,1722.0,1706.0,1705.0,484716,-2.01
2019-10-03,1712.0,1717.5,1710.0,1718.0,329772,0.76
2019-10-04,1717.0,1719.0,1715.0,1719.0,286896,0.06
2019-10-07,1722.0,1746.0,1720.0,1746.0,347485,1.57
2019-10-08,1742.3,1751.5,1738.5,1751.5,432344,0.32
2019-10-09,1739.5,1746.0,1738.0,1744.0,414942,-0.43
2019-10-10,1747.0,1753.0,1743.0,1753.0,552555,0.52
2019-10-11,1727.0,1727.0,1722.0,1722.0,617815,-1.77
2019-10-14,1715.0,1720.0,1715.0,1720.0,417471,-0.12
2019-10-15,1715.0,1728.0,1714.0,1728.0,284227,0.47
2019-10-16,1716.0,1728.0,1715.0,1728.0,293717,0.0
2019-10-17,1729.0,1729.5,1727.0,1727.0,183134,-0.06
2019-10-18,1735.0,1739.0,1731.0,1738.0,142676,0.64
2019-10-21,1745.0,1741.0,1729.0,1729.0,153924,-0.52
2019-10-22,1717.0,1725.0,1717.0,1719.0,119891,-0.58
2019-10-23,1717.0,1730.0,1717.0,1730.0,140066,0.64
2019-10-24,1725.0,1725.0,1724.0,1724.0,130243,-0.35
2019-10-25,1724.0,1728.5,1720.0,1728.0,215818,0.23
2019-10-28,1737.0,1736.0,1731.5,1737.0,180313,0.52
2019-10-29,1742.0,1754.0,1742.0,1754.0,203366,0.98
2019-10-30,1751.0,1760.0,1751.0,1760.0,220046,0.34
2019-10-31,1750.0,1754.5,1741.0,1755.0,263066,-0.28
2019-11-01,1762.0,1787.4,1762.0,1786.0,269744,1.77
2019-11-04,1784.0,1814.5,1782.0,1815.0,338471,1.62
2019-11-05,1815.0,1816.0,1811.0,1811.0,380830,-0.22
2019-11-06,1810.0,1809.5,1803.5,1810.0,324866,-0.06
2019-11-07,1812.0,1816.0,1808.0,1813.0,327529,0.17
2019-11-08,1821.2,1820.0,1806.0,1807.5,214853,-0.3
2019-11-11,1805.0,1804.5,1779.0,1779.0,236341,-1.58
2019-11-12,1768.0,1777.5,1768.0,1778.0,297176,-0.06
2019-11-13,1770.0,1768.0,1765.5,1765.0,308692,-0.73
2019-11-14,1759.0,1758.0,1741.0,1741.0,316128,-1.36
2019-11-15,1742.5,1755.0,1742.5,1755.0,374791,0.8
2019-11-18,1746.0,1745.0,1738.0,1738.0,385284,-0.97
2019-11-19,1734.0,1733.0,1731.0,1731.0,267390,-0.4
2019-11-20,1740.5,1740.0,1738.0,1741.0,186324,0.58
2019-11-21,1745.0,1739.0,1735.0,1734.0,191719,-0.4
2019-11-22,1738.0,1740.0,1737.0,1739.0,185153,0.29
2019-11-25,1740.0,1738.0,1736.0,1736.0,156814,-0.17
2019-11-26,1742.5,1752.0,1742.5,1753.0,206026,0.98
2019-11-27,1761.0,1765.0,1761.0,1764.0,205072,0.63
2019-11-28,1758.0,1756.0,1752.0,1752.0,134593,-0.68
2019-11-29,1758.0,1770.0,1758.0,1770.0,230235,1.03
2019-12-02,1765.0,1789.5,1765.0,1790.0,254150,1.13
2019-12-03,1790.0,1790.0,1767.0,1766.0,330184,-1.34
2019-12-04,1763.5,1763.0,1757.0,1758.0,241717,-0.45
2019-12-05,1749.0,1751.0,1747.0,1747.0,235729,-0.63
2019-12-06,1742.0,1765.0,1741.0,1765.0,318489,1.03
2019-12-09,1762.0,1764.0,1757.0,1757.0,278869,-0.45
2019-12-10,1755.0,1756.0,1752.5,1755.0,286859,-0.11
2019-12-11,1758.0,1762.0,1758.0,1760.0,279789,0.28
2019-12-12,1767.0,1775.0,1767.0,1775.0,315173,0.85
2019-12-13,1778.0,1778.0,1767.0,1768.0,210287,-0.39
2019-12-16,1775.0,1782.0,1771.0,1778.0,363453,0.57
2019-12-17,1770.0,1767.0,1764.0,1764.0,298042,-0.79
2019-12-18,1773.5,1777.5,1773.5,1777.0,726934,0.74
2019-12-19,1790.0,1797.0,1788.0,1797.0,272882,1.13
2019-12-20,1804.0,1804.0,1797.0,1800.0,221702,0.17
2019-12-23,1805.0,1805.0,1802.0,1804.0,172247,0.22
2019-12-24,1817.0,1817.5,1812.0,1814.0,169819,0.55
2019-12-27,1818.5,1825.0,1816.5,1825.0,181722,0.61
2019-12-30,1822.0,1826.0,1822.0,1827.0,193897,0.11
2019-12-31,1831.0,1829.0,1810.0,1810.0,253421,-0.93
2020-01-02,1807.0,1806.0,1796.0,1804.5,290022,-0.3
2020-01-03,1791.0,1825.0,1791.0,1824.0,258967,1.08
2020-01-06,1818.5,1833.0,1818.0,1833.0,295357,0.49
2020-01-07,1828.0,1827.5,1815.5,1816.0,302337,-0.93
2020-01-08,1806.0,1805.0,1798.0,1800.0,313188,-0.88
2020-01-09,1806.0,1813.0,1799.5,1803.5,383678,0.19
2020-01-10,1798.5,1809.5,1798.0,1806.0,378239,0.14
2020-01-13,1797.0,1799.0,1793.0,1798.0,383511,-0.44
2020-01-14,1796.0,1809.0,1796.0,1809.0,209811,0.61
2020-01-15,1805.0,1807.0,1800.0,1801.0,178688,-0.44
2020-01-16,1814.0,1813.0,1810.0,1812.0,196028,0.61
2020-01-17,1812.0,1810.0,1805.0,1805.0,137121,-0.39
2020-01-20,1818.0,1815.0,1812.0,1812.0,182447,0.39
2020-01-21,1820.0,1824.5,1817.5,1824.5,278855,0.69
2020-01-22,1820.0,1819.0,1810.0,1811.0,233041,-0.74
2020-01-23,1797.5,1795.5,1792.5,1795.0,216450,-0.88
2020-01-24,1788.0,1785.0,1781.0,1781.0,313989,-0.78
2020-01-27,1767.0,1769.0,1764.0,1764.0,255549,-0.95
2020-01-28,1759.0,1759.0,1752.5,1752.0,282543,-0.68
2020-01-29,1748.0,1748.0,1735.5,1737.0,312470,-0.86
2020-01-30,1737.0,1735.0,1731.5,1731.0,245752,-0.35
2020-01-31,1729.0,1727.0,1719.0,1722.0,338486,-0.52
2020-02-03,1721.0,1718.0,1686.5,1686.5,415236,-2.06
2020-02-04,1715.0,1712.0,1686.0,1686.0,399922,-0.03
2020-02-05,1717.0,1718.0,1712.0,1717.0,288688,1.84
2020-02-06,1726.0,1740.0,1723.5,1737.0,277996,1.16
2020-02-07,1725.5,1726.0,1721.0,1726.0,360501,-0.63
2020-02-10,1706.0,1705.0,1702.5,1702.0,276601,-1.39
2020-02-11,1718.0,1734.0,1717.0,1734.0,365053,1.88
2020-02-12,1735.0,1737.0,1733.0,1737.0,288819,0.17
2020-02-13,1730.0,1747.5,1727.5,1748.0,265634,0.63
2020-02-14,1735.0,1733.0,1722.5,1722.0,186704,-1.49
2020-02-17,1716.0,1721.0,1712.0,1721.0,265803,-0.06
2020-02-18,1710.0,1721.0,1708.0,1720.0,219357,-0.06
2020-02-19,1714.0,1720.0,1712.0,1720.0,166358,0.0
2020-02-20,1717.0,1714.0,1710.0,1711.0,144509,-0.52
2020-02-21,1708.0,1713.5,1703.0,1713.5,145505,0.15
2020-02-24,1698.0,1702.0,1697.0,1699.0,173231,-0.85
2020-02-25,1706.0,1705.0,1702.0,1703.0,176114,0.24
2020-02-26,1702.0,1702.0,1696.0,1696.0,189028,-0.41
2020-02-27,1692.0,1690.0,1688.0,1690.0,228865,-0.35
2020-02-28,1685.0,1694.5,1679.0,1694.5,313520,0.27
2020-03-02,1700.0,1717.0,1699.5,1717.0,307229,1.33
2020-03-03,1723.0,1728.0,1719.0,1722.0,294574,0.29
2020-03-04,1735.0,1732.0,1725.0,1726.0,300243,0.23
2020-03-05,1731.5,1726.0,1720.0,1720.0,268249,-0.35
2020-03-06,1709.0,1708.0,1685.5,1685.0,323216,-2.03
2020-03-09,1668.0,1687.0,1666.0,1687.0,377881,0.12
2020-03-10,1709.0,1708.0,1697.0,1697.0,419490,0.59
2020-03-11,1688.0,1686.0,1675.0,1675.0,388957,-1.3
2020-03-12,1658.0,1661.0,1656.0,1656.0,334079,-1.13
2020-03-13,1703.0,1701.0,1672.0,1680.5,388579,1.48
2020-03-16,1655.0,1683.0,1655.0,1675.0,542378,-0.33
2020-03-17,1650.0,1657.0,1647.0,1651.5,418762,-1.4
2020-03-18,1630.0,1650.0,1625.0,1650.0,434181,-0.09
2020-03-19,1612.0,1630.0,1607.0,1630.0,358254,-1.21
2020-03-20,1610.0,1603.0,1582.5,1582.0,296676,-2.94
2020-03-23,1552.75,1571.75,1548.75,1561.0,291328,-1.33
2020-03-24,1536.13,1552.59,1531.25,1547.5,179209,-0.86
2020-03-25,1527.75,1538.63,1526.0,1537.5,229786,-0.65
2020-03-26,1525.18,1525.18,1517.43,1536.0,198029,-0.1
2020-03-27,1533.0,1534.25,1517.0,1545.5,283626,0.62
2020-03-30,1509.75,1526.5,1509.25,1530.5,259682,-0.97
2020-03-31,1502.85,1507.75,1501.75,1526.0,240536,-0.29
2020-04-01,1501.5,1501.5,1473.47,1499.5,286733,-1.74
2020-04-02,1473.0,1473.21,1470.35,1491.0,291432,-0.57
2020-04-03,1463.5,1463.5,1463.5,1481.5,241543,-0.64
2020-04-06,1446.5,1453.75,1445.0,1472.0,238318,-0.64
2020-04-07,1441.5,1441.5,1441.5,1477.5,313657,0.37
2020-04-08,1434.5,1444.25,1433.38,1465.5,482041,-0.81
2020-04-09,1426.5,1445.44,1426.5,1479.5,431848,0.96
2020-04-14,1493.0,1493.5,1458.5,1503.5,371084,1.62
2020-04-15,1489.69,1491.69,1482.69,1507.5,245549,0.27
2020-04-16,1512.0,1522.75,1507.25,1512.5,212301,0.33
2020-04-17,1485.25,1498.0,1484.75,1507.0,255683,-0.36
2020-04-20,1475.5,1485.0,1475.5,1503.0,181576,-0.27
2020-04-21,1479.75,1479.75,1462.67,1490.5,222719,-0.83
2020-04-22,1496.78,1498.25,1466.0,1515.0,150806,1.64
2020-04-23,1491.05,1491.05,1488.93,1510.0,232820,-0.33
2020-04-24,1488.0,1488.0,1488.0,1514.0,380393,0.26
2020-04-27,1483.5,1490.75,1483.0,1507.0,134358,-0.46
2020-04-28,1480.75,1482.25,1480.75,1504.5,200212,-0.17
2020-04-29,1478.0,1478.0,1477.25,1506.0,198349,0.1
2020-04-30,1466.75,1477.5,1464.91,1494.5,277968,-0.76
2020-05-01,1458.5,1466.75,1456.19,1487.0,167881,-0.5
2020-05-04,1452.75,1457.61,1452.75,1483.0,226617,-0.27
2020-05-05,1451.15,1457.75,1451.15,1484.5,240298,0.1
2020-05-06,1451.26,1451.5,1447.0,1479.5,219430,-0.34
2020-05-07,1447.2,1457.46,1447.2,1485.0,242396,0.37
2020-05-11,1465.5,1465.5,1453.0,1497.5,323415,0.84
2020-05-12,1464.75,1464.75,1464.75,1477.5,274516,-1.34
2020-05-13,1443.5,1444.0,1443.5,1480.0,314459,0.17
2020-05-14,1447.25,1447.25,1443.01,1475.0,819110,-0.34
2020-05-15,1428.8,1441.3,1428.05,1462.0,290089,-0.88
2020-05-18,1480.75,1481.0,1443.75,1496.0,354833,2.33
2020-05-19,1471.5,1478.25,1470.75,1492.0,277513,-0.27
2020-05-20,1498.25,1498.75,1474.65,1512.5,340473,1.37
2020-05-21,1498.25,1507.08,1498.25,1521.0,216594,0.56
2020-05-22,1505.75,1505.75,1487.33,1506.5,223092,-0.95
2020-05-26,1508.0,1508.0,1492.25,1519.5,214752,0.86
2020-05-27,1516.25,1516.25,1505.5,1525.0,354795,0.36
2020-05-28,1525.51,1525.75,1512.25,1537.0,251265,0.79
2020-05-29,1524.25,1534.5,1524.25,1548.0,294571,0.72
2020-06-01,1524.5,1535.0,1524.5,1537.0,234255,-0.71
2020-06-02,1538.5,1538.75,1517.5,1547.0,284857,0.65
2020-06-03,1547.0,1547.0,1527.75,1568.5,221946,1.39
2020-06-04,1548.75,1548.75,1548.75,1570.5,219998,0.13
2020-06-05,1571.75,1572.88,1550.75,1591.5,289577,1.34
2020-06-08,1571.13,1587.85,1571.0,1605.0,286957,0.85
2020-06-09,1581.5,1584.18,1581.5,1605.5,306605,0.03
2020-06-10,1608.13,1610.39,1584.0,1627.5,320327,1.37
2020-06-11,1608.25,1608.25,1582.36,1601.5,324183,-1.6
2020-06-12,1554.25,1577.5,1552.75,1585.0,341463,-1.03
2020-06-15,1565.25,1565.25,1555.36,1577.0,318711,-0.5
2020-06-16,1556.75,1584.5,1554.05,1597.5,224946,1.3
2020-06-17,1585.38,1586.0,1576.0,1607.5,168669,0.63
2020-06-18,1585.25,1585.25,1585.25,1606.5,149773,-0.06
2020-06-19,1562.25,1584.5,1561.75,1592.0,151593,-0.9
2020-06-22,1569.0,1569.0,1569.0,1603.0,129266,0.69
2020-06-23,1579.0,1579.0,1579.0,1595.0,125424,-0.5
2020-06-24,1551.5,1570.75,1549.5,1576.0,126805,-1.19
2020-06-25,1551.25,1551.25,1540.93,1570.0,149618,-0.38
2020-06-26,1545.5,1579.4,1545.5,1601.5,205520,2.01
2020-06-29,1589.25,1589.25,1577.25,1609.0,155589,0.47
2020-06-30,1591.25,1596.71,1583.0,1619.5,192480,0.65
2020-07-01,1598.0,1598.0,1586.75,1621.0,260050,0.09
2020-07-02,1594.0,1598.25,1594.0,1621.0,227090,0.0
2020-07-03,1585.75,1593.25,1584.25,1614.0,26755,-0.43
2020-07-06,1605.0,1606.5,1586.0,1634.5,33659,1.27
2020-07-07,1604.75,1604.75,1600.33,1634.0,32246,-0.03
2020-07-08,1604.25,1637.5,1604.25,1665.0,55110,1.9
2020-07-09,1623.0,1651.59,1620.25,1664.0,56366,-0.06
2020-07-10,1658.88,1662.25,1638.0,1688.5,44105,1.47
2020-07-13,1660.75,1676.0,1656.0,1690.0,58299,0.09
2020-07-14,1656.5,1656.5,1649.44,1688.5,39424,-0.09
2020-07-15,1644.75,1655.0,1644.0,1683.5,32621,-0.3
2020-07-16,1648.0,1665.75,1647.55,1670.5,43575,-0.77
2020-07-17,1644.5,1651.25,1640.75,1661.5,27497,-0.54
2020-07-20,1643.25,1644.0,1638.08,1664.5,29321,0.18
2020-07-21,1675.22,1678.5,1640.22,1696.5,61851,1.92
2020-07-22,1668.75,1676.0,1666.39,1691.0,35744,-0.32
2020-07-23,1686.5,1688.0,1670.75,1701.0,28478,0.59
2020-07-24,1675.25,1678.5,1668.64,1700.0,35957,-0.06
2020-07-27,1686.1,1686.35,1676.6,1708.0,20571,0.47
2020-07-28,1699.13,1701.99,1682.5,1724.0,33012,0.94
2020-07-29,1700.25,1701.75,1697.25,1725.0,24496,0.06
2020-07-30,1699.0,1699.5,1687.5,1720.0,32521,-0.29
2020-07-31,1681.5,1696.25,1678.5,1713.5,51658,-0.38
2020-08-03,1715.5,1720.75,1683.5,1752.0,62264,2.25
2020-08-04,1721.5,1734.62,1721.5,1770.0,45846,1.03
2020-08-05,1731.9,1742.75,1729.0,1767.0,48207,-0.17
2020-08-06,1736.5,1746.69,1736.5,1777.5,36430,0.59
2020-08-07,1747.0,1747.0,1734.75,1771.0,32593,-0.37
2020-08-10,1739.55,1750.93,1739.55,1786.0,36400,0.85
2020-08-11,1754.5,1754.5,1749.68,1786.0,37808,0.0
2020-08-12,1753.85,1755.6,1753.85,1787.0,30200,0.06
2020-08-13,1753.85,1757.6,1724.15,1763.5,33922,-1.32
2020-08-14,1728.0,1728.0,1710.43,1746.0,30978,-0.99
2020-08-17,1710.75,1723.22,1710.75,1756.0,29506,0.57
2020-08-18,1718.75,1741.16,1718.75,1773.5,43087,1.0
2020-08-19,1754.5,1754.75,1736.25,1793.5,34275,1.13
2020-08-20,1754.5,1780.49,1736.25,1789.5,39322,-0.22
2020-08-21,1740.38,1763.5,1738.13,1765.0,44340,-1.37
2020-08-24,1741.87,1744.5,1737.62,1770.5,27869,0.31
2020-08-25,1747.95,1749.61,1741.86,1775.5,26236,0.28
2020-08-26,1747.38,1752.28,1745.38,1780.0,27523,0.25
2020-08-27,1750.25,1750.25,1746.13,1781.0,28438,0.06
2020-08-28,1772.51,1773.01,1751.25,1800.0,38944,1.07
2020-09-01,1771.5,1789.5,1771.5,1816.5,48019,0.92
2020-09-02,1788.0,1788.0,1761.65,1786.0,51107,-1.68
2020-09-03,1746.76,1755.85,1746.76,1780.0,32855,-0.34
2020-09-04,1759.88,1760.55,1749.55,1786.5,25411,0.37
2020-09-07,1763.5,1765.0,1763.5,1797.5,18543,0.62
2020-09-08,1763.62,1763.62,1752.87,1792.0,28464,-0.31
2020-09-09,1757.1,1757.1,1748.09,1784.0,28472,-0.45
2020-09-10,1743.51,1752.65,1742.01,1789.5,27729,0.31
2020-09-11,1738.25,1752.9,1737.75,1775.0,24426,-0.81
2020-09-14,1764.56,1764.81,1737.5,1800.5,32818,1.44
2020-09-15,1755.01,1761.76,1754.76,1789.5,27833,-0.61
2020-09-16,1751.76,1754.51,1750.76,1795.5,64332,0.34
2020-09-17,1772.35,1772.35,1772.35,1781.0,28673,-0.81
2020-09-18,1771.51,1772.26,1757.0,1792.5,29551,0.65
2020-09-21,1756.0,1768.75,1755.75,1779.5,29825,-0.73
2020-09-22,1754.0,1758.5,1753.0,1776.5,27785,-0.17
2020-09-23,1731.63,1751.55,1730.13,1754.5,44652,-1.24
2020-09-24,1729.36,1729.36,1713.78,1740.0,47909,-0.83
2020-09-25,1736.01,1737.26,1715.5,1748.5,34334,0.49
2020-09-28,1760.99,1761.74,1725.0,1775.0,30064,1.52
2020-09-29,1752.75,1754.5,1752.75,1783.0,27428,0.45
2020-09-30,1741.5,1759.0,1739.5,1765.0,34347,-1.01
2020-10-01,1737.75,1739.75,1709.75,1739.5,37578,-1.44
2020-10-02,1732.0,1736.63,1711.75,1768.0,44789,1.64
2020-10-05,1753.5,1753.5,1741.75,1776.0,24535,0.45
2020-10-06,1752.75,1762.75,1748.06,1765.0,34263,-0.62
2020-10-07,1766.5,1766.5,1745.0,1783.5,31170,1.05
2020-10-08,1765.5,1786.38,1765.5,1804.5,33994,1.18
2020-10-09,1833.5,1833.5,1789.75,1841.5,53267,2.05
2020-10-12,1843.0,1843.25,1828.5,1855.5,40659,0.76
2020-10-13,1842.0,1843.75,1841.5,1858.0,38713,0.13
2020-10-14,1835.49,1845.5,1833.25,1852.0,29288,-0.32
2020-10-15,1837.25,1837.25,1833.0,1852.0,26996,0.0
2020-10-16,1852.75,1855.0,1840.75,1870.5,38886,1.0
2020-10-19,1833.75,1861.0,1832.5,1853.5,35956,-0.91
2020-10-20,1841.2,1841.2,1821.83,1834.5,49738,-1.03
2020-10-21,1834.83,1840.18,1823.25,1843.5,31683,0.49
2020-10-22,1837.5,1837.88,1835.38,1846.5,19614,0.16
2020-10-23,1836.5,1840.25,1834.38,1842.5,19123,-0.22
2020-10-26,1816.95,1836.95,1816.2,1827.5,26419,-0.81
2020-10-27,1813.31,1819.56,1806.8,1822.0,25717,-0.3
2020-10-28,1807.0,1818.0,1801.2,1809.5,29500,-0.69
2020-10-29,1799.75,1804.25,1794.18,1803.0,28753,-0.36
2020-10-30,1851.5,1853.13,1804.75,1848.5,39204,2.52
2020-11-02,1876.75,1878.75,1853.5,1866.0,37534,0.95
2020-11-03,1899.25,1902.88,1866.5,1905.5,48029,2.12
2020-11-04,1903.74,1910.0,1902.25,1908.5,50978,0.16
2020-11-05,1884.0,1904.5,1882.25,1897.5,35081,-0.58
2020-11-06,1889.35,1893.6,1887.35,1901.5,30696,0.21
2020-11-09,1888.0,1889.0,1884.38,1893.5,39382,-0.42
2020-11-10,1897.0,1897.75,1878.0,1908.0,23750,0.77
2020-11-11,1899.05,1902.43,1890.8,1918.0,29719,0.52
2020-11-12,1909.5,1912.25,1901.0,1930.0,24437,0.63
2020-11-13,1919.55,1919.55,1913.0,1932.0,21987,0.1
2020-11-16,1938.5,1939.5,1916.5,1951.0,30545,0.98
2020-11-17,1960.25,1966.0,1936.0,1977.5,69395,1.36
2020-11-18,1987.75,1991.4,1970.0,1998.0,37159,1.04
2020-11-19,1987.75,1994.5,1970.0,1992.5,24749,-0.28
2020-11-20,1988.1,1988.1,1981.85,1993.0,38680,0.03
2020-11-23,1988.0,1988.0,1962.25,1973.5,34716,-0.98
2020-11-24,1981.5,1982.0,1966.5,1986.5,37326,0.66
2020-11-25,1963.5,1980.0,1959.75,1970.0,42088,-0.83
2020-11-26,1961.25,1970.25,1961.25,1976.0,23634,0.3
2020-11-27,1989.5,1991.0,1967.25,1998.5,41468,1.14
2020-11-30,1995.88,2041.38,1994.0,2045.0,59746,2.33
2020-12-01,2055.38,2062.78,2041.63,2064.5,52661,0.95
2020-12-02,2060.25,2061.0,2037.75,2055.0,44648,-0.46
2020-12-03,2013.5,2049.65,2008.0,2028.0,47046,-1.31
2020-12-04,2036.5,2040.0,2019.5,2044.0,24951,0.79
2020-12-07,2001.75,2034.85,1997.75,2017.0,24275,-1.32
2020-12-08,1982.5,2001.75,1977.68,1990.0,31755,-1.34
2020-12-09,2022.63,2023.5,1973.25,2035.0,31373,2.26
2020-12-10,2042.5,2045.5,2024.5,2060.0,25618,1.23
2020-12-11,2013.49,2048.49,2010.49,2022.5,27264,-1.82
2020-12-14,2031.4,2033.9,2007.4,2047.0,27079,1.21
2020-12-15,2023.13,2041.85,2018.13,2029.5,23340,-0.85
2020-12-16,2023.63,2026.65,2017.65,2035.0,32726,0.27
2020-12-17,2055.5,2068.25,2029.75,2053.0,77919,0.88
2020-12-18,2005.0,2050.5,2002.0,2056.5,28190,0.17
2020-12-21,2021.13,2051.13,2019.0,2020.5,28900,-1.75
2020-12-22,1991.75,2014.0,1985.25,1995.5,38661,-1.24
2020-12-23,1991.75,2021.38,1964.0,2006.0,29264,0.53
2020-12-24,2021.65,2023.9,2003.15,2030.0,13618,1.2
2020-12-29,1989.5,2031.0,1983.75,1991.0,33358,-1.92
2020-12-30,1999.75,2002.0,1992.5,1999.5,16876,0.43
2020-12-31,1992.62,2003.12,1981.87,1979.5,19690,-1.0
2021-01-04,2025.5,2032.75,1979.0,2031.5,37698,2.63
2021-01-05,2047.5,2049.25,2031.63,2040.5,25746,0.44
2021-01-06,2027.5,2040.25,2024.8,2038.5,43443,-0.1
2021-01-07,2025.25,2035.25,2023.25,2036.5,24127,-0.1
2021-01-08,2017.5,2031.25,2011.0,2021.5,23795,-0.74
2021-01-11,2006.25,2018.0,2002.14,2009.5,27558,-0.59
2021-01-12,2020.63,2022.13,2003.55,2019.5,31569,0.5
2021-01-13,2009.1,2013.85,2007.35,2013.0,26941,-0.32
2021-01-14,2009.1,2016.75,1981.88,2005.5,26939,-0.37
2021-01-15,1985.25,2004.75,1982.0,1991.0,29544,-0.72
2021-01-18,1984.0,1984.0,1963.5,1972.0,26845,-0.95
2021-01-19,1959.5,1963.25,1959.5,1964.0,36709,-0.41
2021-01-20,1953.8,1978.05,1953.8,1980.5,25047,0.84
2021-01-21,1989.13,1995.76,1969.45,1997.5,37652,0.86
2021-01-22,1985.25,1987.0,1974.91,1994.5,30069,-0.15
2021-01-25,2009.5,2012.0,1986.75,2012.0,28238,0.88
2021-01-26,2015.33,2021.58,2009.33,2020.0,26821,0.4
2021-01-27,1987.75,2016.5,1983.25,1992.0,27469,-1.39
2021-01-28,1987.75,2016.5,1962.62,1984.5,28399,-0.38
2021-01-29,1971.1,1986.09,1968.1,1977.5,37308,-0.35
2021-02-01,1964.13,1980.05,1956.63,1969.0,37526,-0.43
2021-02-02,1968.25,1972.88,1963.0,1972.5,31405,0.18
2021-02-03,1966.0,1971.25,1962.5,1973.5,23367,0.05
2021-02-04,1988.5,1989.5,1966.75,1993.5,28782,1.01
2021-02-05,2011.65,2013.98,1987.4,2015.5,26971,1.1
2021-02-08,2027.43,2029.63,2012.25,2028.0,25146,0.62
2021-02-09,2055.85,2059.1,2023.35,2054.0,30045,1.28
2021-02-10,2012.0,2070.75,1997.0,2079.0,32385,1.22
2021-02-11,2075.09,2077.34,2069.59,2079.5,24464,0.02
2021-02-12,2085.0,2087.0,2075.75,2089.5,23690,0.48
2021-02-15,2068.5,2078.25,2066.25,2083.5,22940,-0.29
2021-02-16,2071.25,2075.5,2070.25,2086.5,22689,0.14
2021-02-17,2101.75,2102.25,2073.0,2115.0,31359,1.37
2021-02-18,2125.38,2134.24,2100.63,2137.5,51767,1.06
2021-02-19,2117.63,2136.95,2114.0,2131.5,56344,-0.28
2021-02-22,2155.26,2158.76,2114.51,2166.5,37192,1.64
2021-02-23,2132.25,2147.75,2123.5,2147.0,47247,-0.9
2021-02-24,2171.25,2185.38,2126.0,2184.5,43081,1.75
2021-02-25,2212.5,2212.5,2163.0,2235.0,77707,2.31
2021-02-26,2138.63,2215.63,2133.13,2154.5,71660,-3.6
2021-03-01,2103.38,2132.13,2085.63,2129.5,61373,-1.16
2021-03-02,2203.38,2206.63,2105.25,2211.5,69320,3.85
2021-03-03,2179.0,2194.25,2178.5,2200.0,52341,-0.52
2021-03-04,2112.0,2175.0,2105.25,2153.5,65038,-2.11
2021-03-05,2157.13,2162.13,2128.75,2176.0,39095,1.04
2021-03-08,2149.0,2155.0,2144.13,2171.0,30622,-0.23
2021-03-09,2142.0,2145.75,2137.1,2168.5,38025,-0.12
2021-03-10,2141.75,2151.0,2136.5,2168.0,33786,-0.02
2021-03-11,2155.63,2162.13,2140.13,2178.0,55220,0.46
2021-03-12,2145.25,2150.0,2142.0,2171.0,29901,-0.32
2021-03-15,2204.0,2210.72,2155.0,2218.0,50205,2.16
2021-03-16,2184.38,2202.88,2177.63,2202.5,49117,-0.7
2021-03-17,2206.0,2221.75,2187.0,2227.5,31964,1.14
2021-03-18,2206.0,2224.75,2185.25,2216.0,35378,-0.52
2021-03-19,2253.88,2261.13,2194.2,2265.5,42725,2.23
2021-03-22,2260.0,2262.25,2249.0,2272.0,50254,0.29
2021-03-23,2260.0,2263.5,2176.0,2219.5,59288,-2.31
2021-03-24,2240.63,2240.63,2203.4,2258.0,25989,1.73
2021-03-25,2241.0,2246.0,2227.01,2246.0,42022,-0.53
2021-03-26,2269.75,2281.75,2231.25,2298.0,39961,2.32
2021-03-29,2284.0,2284.0,2257.6,2266.0,27675,-1.39
2021-03-30,2250.0,2250.0,2212.07,2231.0,26182,-1.54
2021-03-31,2214.5,2214.5,2196.25,2212.0,39459,-0.85
2021-04-01,2209.75,2217.75,2194.25,2225.5,26578,0.61
2021-04-06,2209.25,2249.47,2209.25,2268.0,36050,1.91
2021-04-07,2255.25,2255.25,2245.5,2260.0,24204,-0.35
2021-04-08,2272.0,2272.75,2245.0,2282.5,26242,1.0
2021-04-09,2255.11,2268.11,2246.96,2264.0,21728,-0.81
2021-04-12,2251.25,2251.25,2248.5,2262.0,25751,-0.09
2021-04-13,2288.25,2289.0,2246.5,2293.0,29399,1.37
2021-04-14,2314.0,2314.25,2278.0,2323.5,33646,1.33
2021-04-15,2308.5,2331.75,2308.5,2339.0,38648,0.67
2021-04-16,2304.45,2323.2,2301.45,2315.0,25125,-1.03
2021-04-19,2317.23,2319.63,2300.95,2330.0,24086,0.65
2021-04-20,2316.65,2317.25,2302.53,2309.5,26757,-0.88
2021-04-21,2353.63,2355.13,2296.75,2364.5,48112,2.38
2021-04-22,2354.5,2354.5,2354.5,2363.0,24183,-0.06
2021-04-23,2362.38,2367.17,2352.75,2364.5,23228,0.06
2021-04-26,2391.25,2391.5,2352.75,2403.5,24422,1.65
2021-04-27,2392.25,2392.25,2388.05,2396.0,31896,-0.31
2021-04-28,2388.2,2390.23,2379.7,2399.5,22921,0.15
2021-04-29,2402.1,2408.67,2386.1,2417.0,42735,0.73
2021-04-30,2406.5,2414.43,2391.71,2397.0,38216,-0.83
2021-05-04,2423.0,2427.0,2390.5,2428.0,32893,1.29
2021-05-05,2435.25,2435.75,2416.75,2444.5,28421,0.68
2021-05-06,2501.5,2501.5,2431.5,2488.5,55687,1.8
2021-05-07,2523.0,2525.24,2475.0,2540.0,54327,2.07
2021-05-10,2512.74,2524.2,2511.85,2531.0,78164,-0.35
2021-05-11,2512.85,2524.93,2512.85,2521.0,51164,-0.4
2021-05-12,2500.7,2500.7,2472.7,2480.5,55019,-1.61
2021-05-13,2435.13,2459.52,2431.9,2451.5,54520,-1.17
2021-05-14,2430.85,2430.85,2424.5,2463.0,51345,0.47
2021-05-17,2484.35,2490.5,2448.25,2499.0,39245,1.46
2021-05-18,2447.75,2484.82,2446.5,2478.0,57571,-0.84
2021-05-19,2461.25,2461.25,2402.72,2415.0,50354,-2.54
2021-05-20,2354.25,2397.25,2340.89,2396.0,40938,-0.79
2021-05-21,2364.0,2377.65,2345.53,2370.0,66911,-1.09
2021-05-24,2373.25,2373.25,2351.25,2387.0,63498,0.72
2021-05-25,2362.25,2367.05,2361.5,2372.0,39983,-0.63
2021-05-26,2392.5,2393.5,2349.75,2402.0,29252,1.26
2021-05-27,2465.13,2466.63,2379.75,2481.0,44882,3.29
2021-05-28,2493.25,2494.0,2432.27,2483.0,54852,0.08
2021-06-01,2484.01,2491.51,2445.26,2469.0,40235,-0.56
2021-06-02,2423.7,2454.95,2421.95,2444.0,31339,-1.01
2021-06-03,2423.7,2454.95,2375.63,2405.0,25605,-1.6
2021-06-04,2438.09,2439.09,2389.59,2455.0,26124,2.08
2021-06-07,2418.0,2448.75,2416.0,2426.0,28844,-1.18
2021-06-08,2447.51,2449.39,2423.26,2452.5,25851,1.09
2021-06-09,2453.13,2457.0,2453.13,2458.5,29823,0.24
2021-06-10,2490.8,2491.55,2472.8,2476.0,38536,0.71
2021-06-11,2474.75,2504.75,2460.25,2464.5,38798,-0.46
2021-06-14,2498.5,2498.5,2453.2,2494.0,23291,1.2
2021-06-15,2425.25,2482.75,2423.25,2467.0,51899,-1.08
2021-06-16,2451.25,2475.75,2427.25,2469.5,28798,0.1
2021-06-17,2446.75,2464.0,2352.5,2400.0,51261,-2.81
2021-06-18,2372.88,2389.5,2372.88,2385.0,42815,-0.63
2021-06-21,2391.62,2397.7,2375.0,2403.5,35246,0.78
2021-06-22,2404.5,2428.75,2395.25,2425.0,31155,0.89
2021-06-23,2426.5,2442.75,2411.75,2439.5,26674,0.6
2021-06-24,2427.0,2427.75,2422.97,2440.0,39863,0.02
2021-06-25,2441.5,2497.75,2435.75,2486.0,60508,1.89
2021-06-28,2493.5,2543.75,2470.75,2490.0,36918,0.16
2021-06-29,2524.5,2554.75,2509.25,2551.5,39385,2.47
2021-06-30,2521.0,2549.0,2510.61,2523.5,41143,-1.1
2021-07-01,2522.5,2526.5,2491.75,2512.0,29372,-0.46
2021-07-02,2506.5,2564.0,2506.25,2562.0,31236,1.99
2021-07-05,2553.5,2554.5,2550.25,2556.0,24763,-0.23
2021-07-06,2496.25,2543.5,2493.0,2530.0,35310,-1.02
2021-07-07,2474.25,2516.75,2474.0,2499.5,37706,-1.21
2021-07-08,2488.25,2492.5,2431.75,2442.0,42391,-2.3
2021-07-09,2453.25,2511.0,2453.25,2501.5,31817,2.44
2021-07-12,2479.25,2485.25,2472.5,2489.5,34446,-0.48
2021-07-13,2493.75,2546.25,2481.0,2535.5,34500,1.85
2021-07-14,2505.0,2522.75,2502.75,2525.0,21445,-0.41
2021-07-15,2519.0,2537.5,2502.75,2518.0,25624,-0.28
2021-07-16,2509.0,2528.75,2484.25,2488.5,23917,-1.17
2021-07-19,2470.25,2540.0,2412.0,2425.5,41109,-2.53
2021-07-20,2423.0,2470.25,2421.5,2465.5,60715,1.65
2021-07-21,2461.95,2461.95,2443.43,2453.5,35608,-0.49
2021-07-22,2456.0,2488.75,2448.5,2483.0,29333,1.2
2021-07-23,2468.25,2509.75,2468.0,2502.5,25529,0.79
2021-07-26,2510.25,2526.25,2481.0,2519.0,34818,0.66
2021-07-27,2502.75,2524.5,2479.25,2490.0,34408,-1.15
2021-07-28,2534.25,2538.5,2502.5,2537.0,40937,1.89
2021-07-29,2524.75,2596.25,2518.5,2591.5,46890,2.15
2021-07-30,2596.75,2641.25,2582.5,2590.0,62863,-0.06
2021-08-02,2628.5,2631.14,2603.0,2615.0,33542,0.97
2021-08-03,2618.75,2618.75,2597.88,2586.0,39177,-1.11
2021-08-04,2564.75,2588.15,2564.5,2566.5,24786,-0.75
2021-08-05,2590.0,2590.57,2568.25,2588.0,22728,0.84
2021-08-06,2582.25,2590.42,2582.25,2578.0,30086,-0.39
2021-08-09,2551.25,2573.25,2542.4,2549.0,42077,-1.12
2021-08-10,2555.25,2591.75,2551.0,2574.5,37918,1.0
2021-08-11,2583.5,2593.75,2574.25,2585.5,21598,0.43
2021-08-12,2587.5,2607.25,2567.5,2582.5,32805,-0.12
2021-08-13,2606.5,2607.5,2579.5,2600.0,27262,0.68
2021-08-16,2601.13,2605.55,2594.75,2602.0,33968,0.08
2021-08-17,2597.75,2615.75,2588.0,2599.5,68566,-0.1
2021-08-18,2564.0,2594.25,2559.5,2555.0,37383,-1.71
2021-08-19,2565.25,2571.75,2516.25,2545.5,49785,-0.37
2021-08-20,2543.75,2579.75,2542.5,2546.5,32794,0.04
2021-08-23,2539.75,2590.65,2539.75,2602.0,41377,2.18
2021-08-24,2601.0,2615.82,2597.75,2615.0,49169,0.5
2021-08-25,2612.75,2616.23,2606.75,2617.5,25694,0.1
2021-08-26,2620.5,2638.5,2594.25,2619.5,35398,0.08
2021-08-27,2621.0,2697.25,2618.0,2649.5,60330,1.15
2021-08-31,2689.0,2726.25,2681.25,2718.0,63983,2.59
2021-09-01,2685.88,2713.0,2673.32,2690.0,53078,-1.03
2021-09-02,2685.88,2727.88,2673.32,2695.0,57921,0.19
2021-09-03,2723.38,2723.63,2684.0,2727.0,36370,1.19
2021-09-06,2758.0,2756.5,2757.0,2773.0,41115,1.69
2021-09-07,2769.0,2767.0,2756.0,2757.0,22832,-0.58
2021-09-08,2788.0,2792.0,2788.0,2794.0,46318,1.34
2021-09-09,2829.0,2837.0,2828.0,2839.5,47379,1.63
2021-09-10,2910.0,2906.0,2906.0,2924.0,56529,2.98
2021-09-13,2948.0,2950.0,2882.0,2896.5,71540,-0.94
2021-09-14,2867.0,2865.0,2858.0,2831.0,57538,-2.26
2021-09-15,2888.0,2887.5,2888.0,2893.0,72976,2.19
2021-09-16,2895.0,2892.5,2893.0,2879.5,40823,-0.47
2021-09-17,2929.0,2927.0,2927.0,2885.5,35702,0.21
2021-09-20,2860.0,2856.0,2857.0,2863.0,38732,-0.78
2021-09-21,2880.0,2878.0,2878.5,2846.0,40297,-0.59
2021-09-22,2910.0,2905.5,2905.5,2935.0,61224,3.13
2021-09-23,2953.0,2950.0,2951.0,2949.5,55995,0.49
2021-09-24,2925.0,2917.5,2918.0,2915.5,41615,-1.15
2021-09-27,2904.0,2903.0,2904.0,2883.5,42204,-1.1
2021-09-28,2916.0,2917.0,2916.0,2944.5,59188,2.12
2021-09-29,2937.0,2935.0,2930.0,2911.5,36667,-1.12
2021-09-30,2870.0,2866.0,2867.0,2858.5,60390,-1.82
2021-10-01,2881.0,2880.0,2881.0,2857.0,38560,-0.05
2021-10-04,2913.0,2913.0,2910.0,2916.0,25253,2.07
2021-10-05,2908.0,2911.0,2908.0,2921.0,26219,0.17
2021-10-06,2890.0,2892.0,2887.0,2897.0,38669,-0.82
2021-10-07,2919.0,2933.0,2918.0,2946.0,42435,1.69
2021-10-08,2918.0,2922.0,2918.0,2966.0,60135,0.68
2021-10-11,3035.0,3033.0,3032.0,3064.0,64030,3.3
2021-10-12,3073.0,3072.0,3073.0,3068.0,58814,0.13
2021-10-13,3109.0,3107.0,3089.0,3068.0,51507,0.0
2021-10-14,3172.0,3171.0,3172.0,3117.0,69442,1.6
2021-10-15,3190.0,3185.0,3185.5,3171.5,66744,1.75
2021-10-18,3200.0,3198.0,3200.0,3167.5,59535,-0.13
2021-10-19,3187.0,3194.0,3187.0,3112.0,74022,-1.75
2021-10-20,3073.0,3074.0,3073.0,3069.5,70753,-1.37
2021-10-21,3025.0,3023.0,3023.5,2910.5,90308,-5.18
2021-10-22,2957.0,2955.0,2957.0,2868.0,105919,-1.46
2021-10-25,2925.0,2923.0,2925.0,2875.5,50453,0.26
2021-10-26,2853.0,2851.0,2844.5,2829.0,64000,-1.62
2021-10-27,2720.0,2724.5,2720.0,2686.0,116366,-5.05
2021-10-28,2740.0,2732.0,2733.0,2746.5,87056,2.25
2021-10-29,2709.0,2693.0,2695.0,2716.5,67421,-1.09
2021-11-01,2732.0,2730.0,2730.0,2719.5,39108,0.11
2021-11-02,2700.0,2697.0,2698.0,2692.5,46720,-0.99
2021-11-03,2726.0,2724.0,2724.0,2656.0,56409,-1.36
2021-11-04,2666.0,2664.0,2666.0,2554.5,68704,-3.82
2021-11-05,2522.0,2520.0,2522.0,2556.5,53686,0.08
2021-11-08,2549.0,2557.0,2548.0,2605.0,33762,1.9
2021-11-09,2600.0,2600.0,2600.0,2556.5,42704,-1.86
2021-11-10,2585.0,2573.0,2575.0,2578.0,36591,0.84
2021-11-11,2662.0,2655.0,2655.5,2660.0,41371,3.18
2021-11-12,2690.0,2677.0,2679.0,2700.0,38534,1.5
2021-11-15,2682.0,2677.0,2678.0,2657.0,41163,-1.59
2021-11-16,2628.0,2628.0,2628.0,2574.5,61515,-3.11
2021-11-17,2622.0,2621.5,2622.0,2616.5,32338,1.63
2021-11-18,2600.0,2595.0,2596.0,2616.0,28271,-0.02
2021-11-19,2649.0,2643.0,2644.0,2679.5,42362,2.43
2021-11-22,2655.0,2655.0,2655.0,2689.5,30232,0.37
2021-11-23,2685.0,2684.5,2685.0,2668.5,20736,-0.78
2021-11-24,2705.0,2690.5,2690.5,2704.0,29452,1.33
2021-11-25,2733.0,2734.0,2733.0,2717.5,23863,0.5
2021-11-26,2625.0,2617.0,2617.0,2615.0,48354,-3.77
2021-11-29,2645.0,2642.0,2642.5,2630.0,49979,0.57
2021-11-30,2630.0,2625.0,2626.0,2625.0,51653,-0.19
2021-12-01,2648.0,2650.0,2646.0,2664.5,61532,1.5
2021-12-02,2645.0,2639.5,2640.0,2600.0,55446,-2.42
2021-12-03,2629.0,2627.0,2629.0,2623.0,32719,0.88
2021-12-06,2590.0,2588.0,2585.0,2588.0,34476,-1.33
2021-12-07,2625.0,2619.0,2620.0,2628.5,25960,1.56
2021-12-08,2627.0,2625.0,2627.0,2627.0,21624,-0.06
2021-12-09,2640.0,2636.0,2634.0,2626.5,28639,-0.02
2021-12-10,2620.0,2617.0,2619.0,2606.5,28338,-0.76
2021-12-13,2652.0,2650.5,2651.0,2654.0,35019,1.82
2021-12-14,2634.0,2630.0,2631.0,2628.5,26753,-0.96
2021-12-15,2590.0,2589.5,2590.0,2597.0,41762,-1.2
2021-12-16,2642.0,2644.0,2641.0,2667.0,66372,2.7
2021-12-17,2716.0,2710.0,2710.5,2724.5,46104,2.16
2021-12-20,2679.0,2677.0,2675.0,2671.0,38215,-1.96
2021-12-21,2710.0,2714.0,2708.0,2754.0,39127,3.11
2021-12-22,2835.0,2828.0,2829.0,2824.5,62530,2.56
2021-12-23,2835.0,2829.0,2830.0,2846.0,43446,0.76
2021-12-24,2850.0,2842.0,2841.0,2837.0,17783,-0.32
2021-12-29,2818.0,2820.0,2818.0,2810.5,74656,-0.93
2021-12-30,2828.0,2827.0,2825.0,2818.0,47534,0.27
2021-12-31,2815.0,2805.0,2810.0,2807.5,47534,-0.37
